Time,Collection,Latitude,Longitude,Unit,Operator,Technology,Data Technology,Data Technology Summary,Host,Protocol,Round Trip Time Average,Round Trip Time 10th Percentile,Round Trip Time Median,Packet Size,Number of Attempts,Test Type,Test Status
2025-02-24 18:01:06.807,Day1-TMO-MNO-DEF-IN,36.19551400,-94.18445800,QualiPoc_083101,T-Mobile,5G NR,5G NR,5G NR/5G NR CA,8.8.8.8,ICMP,3208.97,57.7,2976,32,10,Ping,Completed
2025-02-24 18:01:06.807,Day1-TMO-MNO-DEF-IN,36.19551400,-94.18445800,QualiPoc_083101,T-Mobile,5G NR,5G NR CA,5G NR/5G NR CA,8.8.8.8,ICMP,3208.97,57.7,2976,32,10,Ping,Completed
2025-02-24 18:01:47.215,Day1-TMO-MNO-DEF-IN,36.19593400,-94.18455900,QualiPoc_083101,T-Mobile,5G NR,5G NR,5G NR,8.8.8.8,ICMP,72.39,66.7,73,32,10,Ping,Completed
2025-02-24 18:02:27.974,Day1-TMO-MNO-DEF-IN,36.19608700,-94.18442600,QualiPoc_083101,T-Mobile,5G NR,5G NR,5G NR,8.8.8.8,ICMP,90.58,71.2,78,32,10,Ping,Completed
2025-02-24 18:02:59.781,Day1-TMO-MNO-DEF-IN,36.19620000,-94.18447000,QualiPoc_083101,T-Mobile,5G NR,5G NR,5G NR,8.8.8.8,ICMP,86.78,70.6,88.5,32,10,Ping,Completed
2025-02-24 18:03:21.908,Day1-TMO-MNO-DEF-IN,36.19637200,-94.18445500,QualiPoc_083101,T-Mobile,5G NR,5G NR,5G NR,8.8.8.8,ICMP,99.78,69.7,84.5,32,10,Ping,Completed
2025-02-24 18:03:43.892,Day1-TMO-MNO-DEF-IN,36.19640800,-94.18466300,QualiPoc_083101,T-Mobile,5G NR,5G NR,5G NR,8.8.8.8,ICMP,135.31,71.8,105.5,32,10,Ping,Completed
2025-02-24 18:04:05.949,Day1-TMO-MNO-DEF-IN,36.19628300,-94.18471400,QualiPoc_083101,T-Mobile,5G NR,5G NR,5G NR,8.8.8.8,ICMP,100.8,73.9,90.5,32,10,Ping,Completed
2025-02-24 18:04:27.931,Day1-TMO-MNO-DEF-IN,36.19632000,-94.18481100,QualiPoc_083101,T-Mobile,5G NR,5G NR,5G NR,8.8.8.8,ICMP,226.74,102.6,133,32,10,Ping,Completed
2025-02-24 18:04:49.964,Day1-TMO-MNO-DEF-IN,36.19610000,-94.18492900,QualiPoc_083101,T-Mobile,5G NR,5G NR,5G NR,8.8.8.8,ICMP,74.48,58.3,68,32,10,Ping,Completed
2025-02-24 18:05:11.909,Day1-TMO-MNO-DEF-IN,36.19598700,-94.18497300,QualiPoc_083101,T-Mobile,5G NR,5G NR,5G NR,8.8.8.8,ICMP,73.8,58.6,71,32,10,Ping,Completed
2025-02-24 18:05:53.076,Day1-TMO-MNO-DEF-IN,36.19582200,-94.18446600,QualiPoc_083101,T-Mobile,5G NR,5G NR,5G NR,8.8.8.8,ICMP,153.62,55.9,138.5,32,10,Ping,Completed
2025-02-24 18:06:15.061,Day1-TMO-MNO-DEF-IN,36.19584300,-94.18437200,QualiPoc_083101,T-Mobile,5G NR,5G NR,5G NR,8.8.8.8,ICMP,97.64,61.6,88,32,10,Ping,Completed
2025-02-24 18:06:46.794,Day1-TMO-MNO-DEF-IN,36.19589700,-94.18397800,QualiPoc_083101,T-Mobile,5G NR,5G NR,5G NR,8.8.8.8,ICMP,97.16,69.3,74,32,10,Ping,Completed
2025-02-24 18:07:28.236,Day1-TMO-MNO-DEF-IN,36.19590400,-94.18389500,QualiPoc_083101,T-Mobile,5G NR,5G NR,5G NR,8.8.8.8,ICMP,65.31,59.8,66,32,10,Ping,Completed
2025-02-24 18:08:09.003,Day1-TMO-MNO-DEF-IN,36.19591800,-94.18361400,QualiPoc_083101,T-Mobile,5G NR,5G NR,5G NR,8.8.8.8,ICMP,143.08,81.5,140.5,32,10,Ping,Completed
2025-02-24 18:08:30.982,Day1-TMO-MNO-DEF-IN,36.19600700,-94.18345600,QualiPoc_083101,T-Mobile,5G NR,5G NR,5G NR,8.8.8.8,ICMP,102.289,68.8,86,32,10,Ping,Failed
2025-02-24 18:09:03.528,Day1-TMO-MNO-DEF-IN,36.19590000,-94.18308800,QualiPoc_083101,T-Mobile,5G NR,5G NR,5G NR,8.8.8.8,ICMP,94.27,72.8,82,32,10,Ping,Completed
2025-02-24 18:09:35.533,Day1-TMO-MNO-DEF-IN,36.19600400,-94.18323800,QualiPoc_083101,T-Mobile,5G NR,5G NR,5G NR,8.8.8.8,ICMP,123.7,65.7,109,32,10,Ping,Completed
2025-02-24 18:09:57.599,Day1-TMO-MNO-DEF-IN,36.19604400,-94.18339900,QualiPoc_083101,T-Mobile,5G NR,5G NR,5G NR,8.8.8.8,ICMP,178.07,72.7,161.5,32,10,Ping,Completed
2025-02-24 18:10:19.933,Day1-TMO-MNO-DEF-IN,36.19626600,-94.18327000,QualiPoc_083101,T-Mobile,5G NR,5G NR,5G NR,8.8.8.8,ICMP,88.32,64.5,87.5,32,10,Ping,Completed
2025-02-24 18:10:41.800,Day1-TMO-MNO-DEF-IN,36.19621000,-94.18331200,QualiPoc_083101,T-Mobile,5G NR,5G NR,5G NR,8.8.8.8,ICMP,95.35,77.2,88.5,32,10,Ping,Completed
2025-02-24 18:11:13.796,Day1-TMO-MNO-DEF-IN,36.19620600,-94.18362300,QualiPoc_083101,T-Mobile,5G NR,5G NR,5G NR,8.8.8.8,ICMP,153.5,79.7,146,32,10,Ping,Completed
2025-02-24 18:11:35.933,Day1-TMO-MNO-DEF-IN,36.19631200,-94.18374600,QualiPoc_083101,T-Mobile,5G NR,5G NR,5G NR,8.8.8.8,ICMP,120.09,79.5,96,32,10,Ping,Completed
2025-02-24 18:12:16.883,Day1-TMO-MNO-DEF-IN,36.19628100,-94.18393400,QualiPoc_083101,T-Mobile,5G NR,5G NR,5G NR,8.8.8.8,ICMP,57.62,50.6,57,32,10,Ping,Completed
2025-02-24 18:12:58.002,Day1-TMO-MNO-DEF-IN,36.19637100,-94.18430700,QualiPoc_083101,T-Mobile,LTE,LTE,LTE/LTE-5G NR,8.8.8.8,ICMP,113.37,85.8,116.5,32,10,Ping,Completed
2025-02-24 18:12:58.002,Day1-TMO-MNO-DEF-IN,36.19637100,-94.18430700,QualiPoc_083101,T-Mobile,LTE,LTE-5G NR,LTE/LTE-5G NR,8.8.8.8,ICMP,113.37,85.8,116.5,32,10,Ping,Completed
2025-02-24 18:13:19.815,Day1-TMO-MNO-DEF-IN,36.19636900,-94.18436200,QualiPoc_083101,T-Mobile,LTE,LTE,LTE/LTE-5G NR,8.8.8.8,ICMP,132.85,91,108.5,32,10,Ping,Completed
2025-02-24 18:13:19.815,Day1-TMO-MNO-DEF-IN,36.19636900,-94.18436200,QualiPoc_083101,T-Mobile,LTE,LTE-5G NR,LTE/LTE-5G NR,8.8.8.8,ICMP,132.85,91,108.5,32,10,Ping,Completed
2025-02-24 18:14:01.582,Day1-TMO-MNO-DEF-IN,36.19640800,-94.18441000,QualiPoc_083101,T-Mobile,LTE,LTE,LTE/LTE-5G NR,8.8.8.8,ICMP,112.75,73.8,84,32,10,Ping,Completed
2025-02-24 18:14:01.582,Day1-TMO-MNO-DEF-IN,36.19640800,-94.18441000,QualiPoc_083101,T-Mobile,LTE,LTE-5G NR,LTE/LTE-5G NR,8.8.8.8,ICMP,112.75,73.8,84,32,10,Ping,Completed
2025-02-24 18:14:33.051,Day1-TMO-MNO-DEF-IN,36.19636500,-94.18441600,QualiPoc_083101,T-Mobile,LTE,LTE,LTE/LTE-5G NR,8.8.8.8,ICMP,612.625,86.1,111.5,32,10,Ping,Failed
2025-02-24 18:14:33.051,Day1-TMO-MNO-DEF-IN,36.19636500,-94.18441600,QualiPoc_083101,T-Mobile,LTE,LTE-5G NR,LTE/LTE-5G NR,8.8.8.8,ICMP,612.625,86.1,111.5,32,10,Ping,Failed
2025-02-24 18:15:12.092,Day1-TMO-MNO-DEF-IN,36.19628500,-94.18426100,QualiPoc_083101,T-Mobile,LTE,LTE,LTE,8.8.8.8,ICMP,81.04,71,81,32,10,Ping,Completed
2025-02-24 18:15:52.877,Day1-TMO-MNO-DEF-IN,36.19626400,-94.18379700,QualiPoc_083101,T-Mobile,LTE,LTE,LTE/LTE CA/LTE-5G NR,8.8.8.8,ICMP,78.98,69,80,32,10,Ping,Completed
2025-02-24 18:15:52.877,Day1-TMO-MNO-DEF-IN,36.19626400,-94.18379700,QualiPoc_083101,T-Mobile,LTE,LTE CA,LTE/LTE CA/LTE-5G NR,8.8.8.8,ICMP,78.98,69,80,32,10,Ping,Completed
2025-02-24 18:15:52.877,Day1-TMO-MNO-DEF-IN,36.19626400,-94.18379700,QualiPoc_083101,T-Mobile,LTE,LTE-5G NR,LTE/LTE CA/LTE-5G NR,8.8.8.8,ICMP,78.98,69,80,32,10,Ping,Completed
2025-02-24 18:16:33.865,Day1-TMO-MNO-DEF-IN,36.19626200,-94.18356600,QualiPoc_083101,T-Mobile,LTE,LTE,LTE/LTE-5G NR,8.8.8.8,ICMP,80.3,72.9,79,32,10,Ping,Completed
2025-02-24 18:16:33.865,Day1-TMO-MNO-DEF-IN,36.19626200,-94.18356600,QualiPoc_083101,T-Mobile,LTE,LTE-5G NR,LTE/LTE-5G NR,8.8.8.8,ICMP,80.3,72.9,79,32,10,Ping,Completed
2025-02-24 18:17:14.811,Day1-TMO-MNO-DEF-IN,36.19612700,-94.18324700,QualiPoc_083101,T-Mobile,LTE,LTE,LTE,8.8.8.8,ICMP,83.21,75.8,83,32,10,Ping,Completed
2025-02-24 18:17:55.996,Day1-TMO-MNO-DEF-IN,36.19622800,-94.18334800,QualiPoc_083101,T-Mobile,LTE,LTE,LTE,8.8.8.8,ICMP,86.2,73,86.5,32,10,Ping,Completed
2025-02-24 18:18:37.056,Day1-TMO-MNO-DEF-IN,36.19616900,-94.18330000,QualiPoc_083101,T-Mobile,LTE,LTE,LTE/LTE-5G NR,8.8.8.8,ICMP,79.79,72.9,79.5,32,10,Ping,Completed
2025-02-24 18:18:37.056,Day1-TMO-MNO-DEF-IN,36.19616900,-94.18330000,QualiPoc_083101,T-Mobile,LTE,LTE-5G NR,LTE/LTE-5G NR,8.8.8.8,ICMP,79.79,72.9,79.5,32,10,Ping,Completed
2025-02-24 18:33:27.566,Day1-TMO-NH-IN,36.19561100,-94.18446200,QualiPoc_083101,T-Mobile,LTE,LTE,LTE,8.8.8.8,ICMP,139.5,132.9,139.5,32,10,Ping,Completed
2025-02-24 18:34:08.980,Day1-TMO-NH-IN,36.19560900,-94.18446100,QualiPoc_083101,T-Mobile,LTE,LTE,LTE,8.8.8.8,ICMP,142.3,132.8,144.5,32,10,Ping,Completed
2025-02-24 18:34:50.532,Day1-TMO-NH-IN,36.19578000,-94.18434800,QualiPoc_083101,T-Mobile,LTE,LTE,LTE,8.8.8.8,ICMP,144.2,132.9,146.5,32,10,Ping,Completed
2025-02-24 18:35:32.254,Day1-TMO-NH-IN,36.19606800,-94.18441100,QualiPoc_083101,T-Mobile,LTE,LTE,LTE,8.8.8.8,ICMP,142.3,135.3,142,32,10,Ping,Completed
2025-02-24 18:36:13.606,Day1-TMO-NH-IN,36.19638900,-94.18445300,QualiPoc_083101,T-Mobile,LTE,LTE,LTE,8.8.8.8,ICMP,140.6,136.9,140.5,32,10,Ping,Completed
2025-02-24 18:36:55.384,Day1-TMO-NH-IN,36.19637300,-94.18468200,QualiPoc_083101,T-Mobile,LTE,LTE,LTE,8.8.8.8,ICMP,143.3,136.8,143,32,10,Ping,Completed
2025-02-24 18:37:36.994,Day1-TMO-NH-IN,36.19603300,-94.18481000,QualiPoc_083101,T-Mobile,LTE,LTE,LTE,8.8.8.8,ICMP,140.9,133.6,140,32,10,Ping,Completed
2025-02-24 18:38:08.900,Day1-TMO-NH-IN,36.19592500,-94.18487400,QualiPoc_083101,T-Mobile,LTE,LTE,LTE,8.8.8.8,ICMP,142.9,136.5,144.5,32,10,Ping,Completed
2025-02-24 18:38:50.306,Day1-TMO-NH-IN,36.19581000,-94.18434200,QualiPoc_083101,T-Mobile,LTE,LTE,LTE,8.8.8.8,ICMP,137,129.8,133.5,32,10,Ping,Completed
2025-02-24 18:39:31.999,Day1-TMO-NH-IN,36.19590600,-94.18395700,QualiPoc_083101,T-Mobile,LTE,LTE,LTE,8.8.8.8,ICMP,195,145.7,152.5,32,10,Ping,Completed
2025-02-24 18:40:13.603,Day1-TMO-NH-IN,36.19594400,-94.18345300,QualiPoc_083101,T-Mobile,LTE,LTE CA,LTE CA,8.8.8.8,ICMP,135.6,133.5,135.5,32,10,Ping,Completed
2025-02-24 18:40:55.100,Day1-TMO-NH-IN,36.19609500,-94.18320900,QualiPoc_083101,T-Mobile,LTE,LTE,LTE,8.8.8.8,ICMP,141.8,136.8,142,32,10,Ping,Completed
2025-02-24 18:41:36.663,Day1-TMO-NH-IN,36.19615000,-94.18328900,QualiPoc_083101,T-Mobile,LTE,LTE,LTE,8.8.8.8,ICMP,134.8,129.8,136,32,10,Ping,Completed
2025-02-24 18:42:17.962,Day1-TMO-NH-IN,36.19644400,-94.18372900,QualiPoc_083101,T-Mobile,LTE,LTE,LTE,8.8.8.8,ICMP,138.5,132.9,137.5,32,10,Ping,Completed
2025-02-24 18:42:59.653,Day1-TMO-NH-IN,36.19638200,-94.18410100,QualiPoc_083101,T-Mobile,LTE,LTE,LTE,8.8.8.8,ICMP,0,,,32,10,Ping,Failed
2025-02-24 18:43:23.652,Day1-TMO-NH-IN,36.19645100,-94.18439200,QualiPoc_083101,T-Mobile,LTE,LTE,LTE,8.8.8.8,ICMP,0,,,32,10,Ping,Failed
2025-02-24 18:43:57.177,Day1-TMO-NH-IN,36.19642800,-94.18440700,QualiPoc_083101,T-Mobile,LTE,LTE,LTE,8.8.8.8,ICMP,145.4,139,146,32,10,Ping,Completed
2025-02-24 18:44:38.079,Day1-TMO-NH-IN,36.19636500,-94.18443400,QualiPoc_083101,T-Mobile,LTE,LTE,LTE,8.8.8.8,ICMP,144.8,139.9,145,32,10,Ping,Completed
2025-02-24 18:45:19.316,Day1-TMO-NH-IN,36.19624400,-94.18429300,QualiPoc_083101,T-Mobile,LTE,LTE,LTE,8.8.8.8,ICMP,154.8,144.3,155,32,10,Ping,Completed
2025-02-24 18:46:00.481,Day1-TMO-NH-IN,36.19618000,-94.18390400,QualiPoc_083101,T-Mobile,LTE,LTE,LTE,8.8.8.8,ICMP,147.6,135.8,150.5,32,10,Ping,Completed
2025-02-24 18:46:41.804,Day1-TMO-NH-IN,36.19616800,-94.18338300,QualiPoc_083101,T-Mobile,LTE,LTE,LTE,8.8.8.8,ICMP,133.4,122,126.5,32,10,Ping,Completed
2025-02-24 18:47:22.924,Day1-TMO-NH-IN,36.19616400,-94.18333900,QualiPoc_083101,T-Mobile,LTE,LTE,LTE,8.8.8.8,ICMP,136.8,128.8,137,32,10,Ping,Completed
2025-02-24 18:52:11.432,Day1-TMO-MNO-DEF-IN,36.19588100,-94.18451600,QualiPoc_083101,T-Mobile,5G NR,5G NR,5G NR,8.8.8.8,ICMP,62.65,50.6,65,32,10,Ping,Completed
2025-02-24 18:52:52.207,Day1-TMO-MNO-DEF-IN,36.19629700,-94.18446600,QualiPoc_083101,T-Mobile,5G NR,5G NR,5G NR,8.8.8.8,ICMP,65.55,56.3,63,32,10,Ping,Completed
2025-02-24 18:53:23.386,Day1-TMO-MNO-DEF-IN,36.19644800,-94.18466800,QualiPoc_083101,T-Mobile,5G NR,5G NR,5G NR,8.8.8.8,ICMP,74.39,44.9,55.5,32,10,Ping,Completed
2025-02-24 18:54:04.349,Day1-TMO-MNO-DEF-IN,36.19609100,-94.18482200,QualiPoc_083101,T-Mobile,5G NR,5G NR,5G NR,8.8.8.8,ICMP,79,59.9,74.5,32,10,Ping,Completed
2025-02-24 18:54:45.359,Day1-TMO-MNO-DEF-IN,36.19589700,-94.18465000,QualiPoc_083101,T-Mobile,5G NR,5G NR,5G NR,8.8.8.8,ICMP,64.89,55.8,63.5,32,10,Ping,Completed
2025-02-24 18:55:25.870,Day1-TMO-MNO-DEF-IN,36.19598500,-94.18423700,QualiPoc_083101,T-Mobile,5G NR,5G NR,5G NR,8.8.8.8,ICMP,64.22,57.8,63.5,32,10,Ping,Completed
2025-02-24 18:56:06.330,Day1-TMO-MNO-DEF-IN,36.19593000,-94.18372100,QualiPoc_083101,T-Mobile,5G NR,5G NR,5G NR,8.8.8.8,ICMP,57.73,47.9,58.5,32,10,Ping,Completed
2025-02-24 18:56:46.931,Day1-TMO-MNO-DEF-IN,36.19594200,-94.18328500,QualiPoc_083101,T-Mobile,5G NR,5G NR,5G NR,8.8.8.8,ICMP,58.82,51.2,58.5,32,10,Ping,Completed
2025-02-24 18:57:27.690,Day1-TMO-MNO-DEF-IN,36.19635000,-94.18329400,QualiPoc_083101,T-Mobile,5G NR,5G NR,5G NR,8.8.8.8,ICMP,87.71,56,69.5,32,10,Ping,Completed
2025-02-24 18:58:08.513,Day1-TMO-MNO-DEF-IN,36.19631800,-94.18355800,QualiPoc_083101,T-Mobile,5G NR,5G NR,5G NR,8.8.8.8,ICMP,70.17,63,68.5,32,10,Ping,Completed
2025-02-24 18:58:49.132,Day1-TMO-MNO-DEF-IN,36.19631300,-94.18396900,QualiPoc_083101,T-Mobile,5G NR,5G NR,5G NR,8.8.8.8,ICMP,69.16,54.9,66,32,10,Ping,Completed
2025-02-24 18:59:20.473,Day1-TMO-MNO-DEF-IN,36.19634900,-94.18433300,QualiPoc_083101,T-Mobile,5G NR,5G NR,5G NR,8.8.8.8,ICMP,127.13,58.9,98.5,32,10,Ping,Completed
2025-02-24 18:59:42.342,Day1-TMO-MNO-DEF-IN,36.19632800,-94.18442500,QualiPoc_083101,T-Mobile,5G NR,5G NR,5G NR,8.8.8.8,ICMP,73.58,64.8,76.5,32,10,Ping,Completed
2025-02-24 19:00:13.461,Day1-TMO-MNO-DEF-IN,36.19623800,-94.18419400,QualiPoc_083101,T-Mobile,5G NR,5G NR,5G NR,8.8.8.8,ICMP,104.24,65.5,74.5,32,10,Ping,Completed
2025-02-24 19:00:54.216,Day1-TMO-MNO-DEF-IN,36.19618500,-94.18371700,QualiPoc_083101,T-Mobile,5G NR,5G NR,5G NR,8.8.8.8,ICMP,84.34,64.6,70.5,32,10,Ping,Completed
2025-02-24 19:09:55.208,Day1-TMO-NH-OUT,36.19545000,-94.18453900,QualiPoc_083101,T-Mobile,LTE,LTE,LTE,8.8.8.8,ICMP,199,150.8,159,32,10,Ping,Completed
2025-02-24 19:10:36.129,Day1-TMO-NH-OUT,36.19553300,-94.18399200,QualiPoc_083101,T-Mobile,LTE,LTE,LTE/LTE CA,8.8.8.8,ICMP,0,,,32,10,Ping,Failed
2025-02-24 19:10:36.129,Day1-TMO-NH-OUT,36.19553300,-94.18399200,QualiPoc_083101,T-Mobile,LTE,LTE CA,LTE/LTE CA,8.8.8.8,ICMP,0,,,32,10,Ping,Failed
2025-02-24 19:11:00.168,Day1-TMO-NH-OUT,36.19554800,-94.18367200,QualiPoc_083101,T-Mobile,LTE,LTE,LTE,8.8.8.8,ICMP,1060,1060,1060,32,10,Ping,Failed
2025-02-24 19:11:00.168,Day1-TMO-NH-OUT,36.19554800,-94.18367200,QualiPoc_083101,T-Mobile,No service,LTE,LTE,8.8.8.8,ICMP,1060,1060,1060,32,10,Ping,Failed
2025-02-24 19:11:24.922,Day1-TMO-NH-OUT,36.19554100,-94.18328100,QualiPoc_083101,T-Mobile,LTE,LTE,LTE,8.8.8.8,ICMP,148,140,145.5,32,10,Ping,Completed
2025-02-24 19:11:46.905,Day1-TMO-NH-OUT,36.19551100,-94.18297700,QualiPoc_083101,T-Mobile,LTE,LTE,LTE,8.8.8.8,ICMP,0,,,32,10,Ping,Failed
2025-02-24 19:11:46.905,Day1-TMO-NH-OUT,36.19551100,-94.18297700,QualiPoc_083101,T-Mobile,No service,LTE,LTE,8.8.8.8,ICMP,0,,,32,10,Ping,Failed
2025-02-24 19:12:10.726,Day1-TMO-NH-OUT,36.19567700,-94.18286800,QualiPoc_083101,T-Mobile,No service,LTE,LTE,8.8.8.8,ICMP,0,,,32,10,Ping,Failed
2025-02-24 19:12:34.611,Day1-TMO-NH-OUT,36.19557700,-94.18290800,QualiPoc_083101,T-Mobile,No service,LTE,LTE,8.8.8.8,ICMP,0,,,32,10,Ping,Failed
2025-02-24 19:12:58.496,Day1-TMO-NH-OUT,36.19556600,-94.18325400,QualiPoc_083101,T-Mobile,No service,LTE,LTE,8.8.8.8,ICMP,0,,,32,10,Ping,Failed
2025-02-24 19:13:22.365,Day1-TMO-NH-OUT,36.19557000,-94.18355000,QualiPoc_083101,T-Mobile,LTE,LTE,LTE,8.8.8.8,ICMP,343,149.5,159.5,32,10,Ping,Completed
2025-02-24 19:13:54.006,Day1-TMO-NH-OUT,36.19557500,-94.18391400,QualiPoc_083101,T-Mobile,LTE,LTE,LTE,8.8.8.8,ICMP,169,141.8,169,32,10,Ping,Failed
2025-02-24 19:14:17.034,Day1-TMO-NH-OUT,36.19557900,-94.18433400,QualiPoc_083101,T-Mobile,LTE,LTE,LTE,8.8.8.8,ICMP,0,,,32,10,Ping,Failed
2025-02-24 19:14:17.034,Day1-TMO-NH-OUT,36.19557900,-94.18433400,QualiPoc_083101,T-Mobile,No service,LTE,LTE,8.8.8.8,ICMP,0,,,32,10,Ping,Failed
2025-02-24 19:14:51.034,Day1-TMO-NH-OUT,36.19557900,-94.18485600,QualiPoc_083101,T-Mobile,LTE,LTE,LTE/LTE CA,8.8.8.8,ICMP,161.5,146.7,161.5,32,10,Ping,Failed
2025-02-24 19:14:51.034,Day1-TMO-NH-OUT,36.19557900,-94.18485600,QualiPoc_083101,T-Mobile,LTE,LTE CA,LTE/LTE CA,8.8.8.8,ICMP,161.5,146.7,161.5,32,10,Ping,Failed
2025-02-24 19:15:13.935,Day1-TMO-NH-OUT,36.19549900,-94.18509800,QualiPoc_083101,T-Mobile,No service,LTE,LTE,8.8.8.8,ICMP,0,,,32,10,Ping,Failed
2025-02-24 19:15:37.904,Day1-TMO-NH-OUT,36.19514900,-94.18511900,QualiPoc_083101,T-Mobile,No service,LTE,LTE,8.8.8.8,ICMP,0,,,32,10,Ping,Failed
2025-02-24 19:16:02.532,Day1-TMO-NH-OUT,36.19481200,-94.18511600,QualiPoc_083101,T-Mobile,No service,LTE,LTE,8.8.8.8,ICMP,0,,,32,10,Ping,Failed
2025-02-24 19:16:27.621,Day1-TMO-NH-OUT,36.19452200,-94.18512800,QualiPoc_083101,T-Mobile,No service,LTE,LTE,8.8.8.8,ICMP,0,,,32,10,Ping,Failed
2025-02-24 19:16:52.672,Day1-TMO-NH-OUT,36.19444500,-94.18458100,QualiPoc_083101,T-Mobile,No service,LTE,LTE,8.8.8.8,ICMP,0,,,32,10,Ping,Failed
2025-02-24 19:17:17.720,Day1-TMO-NH-OUT,36.19458900,-94.18417700,QualiPoc_083101,T-Mobile,No service,LTE,LTE,8.8.8.8,ICMP,0,,,32,10,Ping,Failed
2025-02-24 19:17:41.766,Day1-TMO-NH-OUT,36.19505900,-94.18416900,QualiPoc_083101,T-Mobile,No service,LTE,LTE,8.8.8.8,ICMP,0,,,32,10,Ping,Failed
2025-02-24 19:18:05.709,Day1-TMO-NH-OUT,36.19548700,-94.18416200,QualiPoc_083101,T-Mobile,No service,LTE,LTE,8.8.8.8,ICMP,0,,,32,10,Ping,Failed
2025-02-24 19:18:30.399,Day1-TMO-NH-OUT,36.19553600,-94.18373400,QualiPoc_083101,T-Mobile,No service,LTE,LTE,8.8.8.8,ICMP,0,,,32,10,Ping,Failed
2025-02-24 19:18:54.745,Day1-TMO-NH-OUT,36.19549000,-94.18337100,QualiPoc_083101,T-Mobile,No service,LTE,LTE,8.8.8.8,ICMP,0,,,32,10,Ping,Failed
2025-02-24 19:19:19.858,Day1-TMO-NH-OUT,36.19510000,-94.18340000,QualiPoc_083101,T-Mobile,No service,LTE,LTE,8.8.8.8,ICMP,0,,,32,10,Ping,Failed
2025-02-24 19:19:44.768,Day1-TMO-NH-OUT,36.19481700,-94.18317600,QualiPoc_083101,T-Mobile,No service,LTE,LTE,8.8.8.8,ICMP,0,,,32,10,Ping,Failed
2025-02-24 19:20:09.018,Day1-TMO-NH-OUT,36.19463200,-94.18314500,QualiPoc_083101,T-Mobile,No service,LTE,LTE,8.8.8.8,ICMP,0,,,32,10,Ping,Failed
2025-02-24 19:20:34.043,Day1-TMO-NH-OUT,36.19464600,-94.18370500,QualiPoc_083101,T-Mobile,No service,LTE,LTE,8.8.8.8,ICMP,0,,,32,10,Ping,Failed
2025-02-24 19:20:59.037,Day1-TMO-NH-OUT,36.19447300,-94.18402400,QualiPoc_083101,T-Mobile,No service,LTE,LTE,8.8.8.8,ICMP,0,,,32,10,Ping,Failed
2025-02-24 19:21:23.593,Day1-TMO-NH-OUT,36.19473200,-94.18431500,QualiPoc_083101,T-Mobile,No service,LTE,LTE,8.8.8.8,ICMP,0,,,32,10,Ping,Failed
2025-02-24 19:21:48.731,Day1-TMO-NH-OUT,36.19512500,-94.18433400,QualiPoc_083101,T-Mobile,No service,LTE,LTE,8.8.8.8,ICMP,0,,,32,10,Ping,Failed
2025-02-24 21:04:50.921,Day1-TMO-MNO-DEF-OUT,36.19526800,-94.18489100,QualiPoc_083101,T-Mobile,5G NR,5G NR,5G NR,8.8.8.8,ICMP,64.77,55.9,66,32,10,Ping,Completed
2025-02-24 21:05:31.392,Day1-TMO-MNO-DEF-OUT,36.19554100,-94.18462900,QualiPoc_083101,T-Mobile,5G NR,5G NR,5G NR,8.8.8.8,ICMP,72.89,68.6,73.5,32,10,Ping,Completed
2025-02-24 21:06:11.795,Day1-TMO-MNO-DEF-OUT,36.19551700,-94.18412300,QualiPoc_083101,T-Mobile,5G NR,5G NR,5G NR,8.8.8.8,ICMP,76.68,51.8,82.5,32,10,Ping,Completed
2025-02-24 21:06:52.201,Day1-TMO-MNO-DEF-OUT,36.19551700,-94.18358900,QualiPoc_083101,T-Mobile,5G NR,5G NR,5G NR,8.8.8.8,ICMP,167.6,52.5,67.5,32,10,Ping,Completed
2025-02-24 21:07:32.966,Day1-TMO-MNO-DEF-OUT,36.19552400,-94.18297500,QualiPoc_083101,T-Mobile,5G NR,5G NR,5G NR,8.8.8.8,ICMP,196.96,55,57,32,10,Ping,Completed
2025-02-24 21:08:13.515,Day1-TMO-MNO-DEF-OUT,36.19580700,-94.18256100,QualiPoc_083101,T-Mobile,5G NR,5G NR,5G NR,8.8.8.8,ICMP,62.57,57,60.5,32,10,Ping,Completed
2025-02-24 21:08:54.064,Day1-TMO-MNO-DEF-OUT,36.19559300,-94.18291900,QualiPoc_083101,T-Mobile,5G NR,5G NR,5G NR,8.8.8.8,ICMP,136.52,54.9,59,32,10,Ping,Completed
2025-02-24 21:09:34.618,Day1-TMO-MNO-DEF-OUT,36.19555400,-94.18356500,QualiPoc_083101,T-Mobile,5G NR,5G NR,5G NR,8.8.8.8,ICMP,57.12,50,55.5,32,10,Ping,Completed
2025-02-24 21:10:05.640,Day1-TMO-MNO-DEF-OUT,36.19555600,-94.18411800,QualiPoc_083101,T-Mobile,5G NR,5G NR,5G NR,8.8.8.8,ICMP,62.27,57.7,62,32,10,Ping,Completed
2025-02-24 21:10:46.100,Day1-TMO-MNO-DEF-OUT,36.19556000,-94.18470300,QualiPoc_083101,T-Mobile,5G NR,5G NR,5G NR,8.8.8.8,ICMP,63,57.4,60,32,10,Ping,Completed
2025-02-24 21:11:26.872,Day1-TMO-MNO-DEF-OUT,36.19529400,-94.18511200,QualiPoc_083101,T-Mobile,5G NR,5G NR,5G NR,8.8.8.8,ICMP,70.11,63,66.5,32,10,Ping,Completed
2025-02-24 21:12:07.307,Day1-TMO-MNO-DEF-OUT,36.19484100,-94.18513600,QualiPoc_083101,T-Mobile,5G NR,5G NR,5G NR,8.8.8.8,ICMP,91.06,64,78.5,32,10,Ping,Completed
2025-02-24 21:12:47.904,Day1-TMO-MNO-DEF-OUT,36.19445100,-94.18477000,QualiPoc_083101,T-Mobile,5G NR,5G NR,5G NR,8.8.8.8,ICMP,69.04,54.9,69,32,10,Ping,Completed
2025-02-24 21:13:28.501,Day1-TMO-MNO-DEF-OUT,36.19484200,-94.18414700,QualiPoc_083101,T-Mobile,5G NR,5G NR,5G NR,8.8.8.8,ICMP,219.49,53.9,58,32,10,Ping,Completed
2025-02-24 21:14:09.135,Day1-TMO-MNO-DEF-OUT,36.19542100,-94.18414300,QualiPoc_083101,T-Mobile,5G NR,5G NR,5G NR,8.8.8.8,ICMP,60.16,51.2,60.5,32,10,Ping,Completed
2025-02-24 21:14:49.739,Day1-TMO-MNO-DEF-OUT,36.19553400,-94.18354100,QualiPoc_083101,T-Mobile,5G NR,5G NR,5G NR,8.8.8.8,ICMP,62.27,56.3,62.5,32,10,Ping,Completed
2025-02-24 21:15:30.061,Day1-TMO-MNO-DEF-OUT,36.19503200,-94.18332200,QualiPoc_083101,T-Mobile,5G NR,5G NR,5G NR,8.8.8.8,ICMP,59.77,45.8,59.5,32,10,Ping,Completed
2025-02-24 21:16:10.623,Day1-TMO-MNO-DEF-OUT,36.19473800,-94.18301300,QualiPoc_083101,T-Mobile,5G NR,5G NR,5G NR,8.8.8.8,ICMP,80.778,44.6,63,32,10,Ping,Failed
2025-02-24 21:16:52.152,Day1-TMO-MNO-DEF-OUT,36.19463700,-94.18369500,QualiPoc_083101,T-Mobile,5G NR,5G NR,5G NR,8.8.8.8,ICMP,57.17,49.9,54,32,10,Ping,Completed
2025-02-24 21:17:33.082,Day1-TMO-MNO-DEF-OUT,36.19446300,-94.18412600,QualiPoc_083101,T-Mobile,5G NR,5G NR,5G NR,8.8.8.8,ICMP,58.45,50.6,56.5,32,10,Ping,Completed
2025-02-24 21:18:13.663,Day1-TMO-MNO-DEF-OUT,36.19496600,-94.18444700,QualiPoc_083101,T-Mobile,5G NR,5G NR,5G NR,8.8.8.8,ICMP,57.67,50.8,59.5,32,10,Ping,Completed
2025-02-24 21:18:54.240,Day1-TMO-MNO-DEF-OUT,36.19500700,-94.18461800,QualiPoc_083101,T-Mobile,5G NR,5G NR,5G NR,8.8.8.8,ICMP,60.59,52.1,63.5,32,10,Ping,Completed
2025-02-24 21:29:50.511,Day1-ATT-MNO-DEF-IN,36.19588900,-94.18444800,QualiPoc_083101,AT&T,LTE,LTE,LTE,8.8.8.8,ICMP,46.76,37,41.5,32,10,Ping,Completed
2025-02-24 21:30:30.807,Day1-ATT-MNO-DEF-IN,36.19628800,-94.18447100,QualiPoc_083101,AT&T,LTE,LTE,LTE,8.8.8.8,ICMP,43.48,38.5,43,32,10,Ping,Completed
2025-02-24 21:31:11.467,Day1-ATT-MNO-DEF-IN,36.19636400,-94.18472600,QualiPoc_083101,AT&T,LTE,LTE,LTE,8.8.8.8,ICMP,60.98,55.7,59.5,32,10,Ping,Completed
2025-02-24 21:31:42.603,Day1-ATT-MNO-DEF-IN,36.19607600,-94.18481200,QualiPoc_083101,AT&T,LTE,LTE,LTE,8.8.8.8,ICMP,59.28,49.5,59.5,32,10,Ping,Completed
2025-02-24 21:32:23.292,Day1-ATT-MNO-DEF-IN,36.19587000,-94.18462700,QualiPoc_083101,AT&T,LTE,LTE,LTE,8.8.8.8,ICMP,52.76,43.7,52,32,10,Ping,Completed
2025-02-24 21:33:03.686,Day1-ATT-MNO-DEF-IN,36.19589800,-94.18435000,QualiPoc_083101,AT&T,LTE,LTE,LTE,8.8.8.8,ICMP,50.11,41.9,48.5,32,10,Ping,Completed
2025-02-24 21:33:44.323,Day1-ATT-MNO-DEF-IN,36.19591400,-94.18376900,QualiPoc_083101,AT&T,LTE,LTE,LTE,8.8.8.8,ICMP,54.2,41.9,51,32,10,Ping,Completed
2025-02-24 21:34:24.710,Day1-ATT-MNO-DEF-IN,36.19593400,-94.18333700,QualiPoc_083101,AT&T,LTE,LTE,LTE,8.8.8.8,ICMP,55.99,45.7,55.5,32,10,Ping,Completed
2025-02-24 21:34:55.960,Day1-ATT-MNO-DEF-IN,36.19618900,-94.18331500,QualiPoc_083101,AT&T,LTE,LTE,LTE,8.8.8.8,ICMP,56.78,42,50.5,32,10,Ping,Completed
2025-02-24 21:35:36.305,Day1-ATT-MNO-DEF-IN,36.19637800,-94.18343600,QualiPoc_083101,AT&T,LTE,LTE,LTE,8.8.8.8,ICMP,49.43,42.8,50,32,10,Ping,Completed
2025-02-24 21:36:16.881,Day1-ATT-MNO-DEF-IN,36.19634200,-94.18378900,QualiPoc_083101,AT&T,LTE,LTE,LTE,8.8.8.8,ICMP,47.8,43,45,32,10,Ping,Completed
2025-02-24 21:36:57.383,Day1-ATT-MNO-DEF-IN,36.19638900,-94.18418600,QualiPoc_083101,AT&T,LTE,LTE,LTE,8.8.8.8,ICMP,52.2,44,53,32,10,Ping,Completed
2025-02-24 21:37:38.052,Day1-ATT-MNO-DEF-IN,36.19642700,-94.18460800,QualiPoc_083101,AT&T,LTE,LTE,LTE,8.8.8.8,ICMP,54.44,47.6,52.5,32,10,Ping,Completed
2025-02-24 21:38:18.680,Day1-ATT-MNO-DEF-IN,36.19640400,-94.18458700,QualiPoc_083101,AT&T,LTE,LTE,LTE,8.8.8.8,ICMP,70.76,50.6,61,32,10,Ping,Completed
2025-02-24 21:38:59.191,Day1-ATT-MNO-DEF-IN,36.19618700,-94.18429000,QualiPoc_083101,AT&T,LTE,LTE,LTE,8.8.8.8,ICMP,51.61,44.8,52,32,10,Ping,Completed
2025-02-24 21:39:39.576,Day1-ATT-MNO-DEF-IN,36.19618400,-94.18386600,QualiPoc_083101,AT&T,LTE,LTE,LTE,8.8.8.8,ICMP,51.47,43,52.5,32,10,Ping,Completed
2025-02-24 21:40:20.257,Day1-ATT-MNO-DEF-IN,36.19608900,-94.18341000,QualiPoc_083101,AT&T,LTE,LTE,LTE,8.8.8.8,ICMP,52.563,42.7,53.5,32,10,Ping,System Release
2025-02-24 21:43:52.826,Day1-ATT-NH-IN,36.19599100,-94.18444400,QualiPoc_083101,AT&T,LTE,LTE,LTE,8.8.8.8,ICMP,141.9,140,141.5,32,10,Ping,Completed
2025-02-24 21:44:24.421,Day1-ATT-NH-IN,36.19627500,-94.18446700,QualiPoc_083101,AT&T,LTE,LTE,LTE,8.8.8.8,ICMP,1348.4,157.4,329.5,32,10,Ping,Completed
2025-02-24 21:45:06.252,Day1-ATT-NH-IN,36.19640000,-94.18448300,QualiPoc_083101,AT&T,LTE,LTE CA,LTE CA,8.8.8.8,ICMP,144.1,135.7,142,32,10,Ping,Completed
2025-02-24 21:45:47.650,Day1-ATT-NH-IN,36.19620300,-94.18467000,QualiPoc_083101,AT&T,LTE,LTE,LTE,8.8.8.8,ICMP,0,,,32,10,Ping,Failed
2025-02-24 21:46:21.538,Day1-ATT-NH-IN,36.19591800,-94.18473200,QualiPoc_083101,AT&T,LTE,LTE CA,LTE CA,8.8.8.8,ICMP,142.7,131.9,145,32,10,Ping,Completed
2025-02-24 21:47:02.875,Day1-ATT-NH-IN,36.19587600,-94.18429200,QualiPoc_083101,AT&T,LTE,LTE,LTE/LTE CA,8.8.8.8,ICMP,142.571,142,142,32,10,Ping,Failed
2025-02-24 21:47:02.875,Day1-ATT-NH-IN,36.19587600,-94.18429200,QualiPoc_083101,AT&T,LTE,LTE CA,LTE/LTE CA,8.8.8.8,ICMP,142.571,142,142,32,10,Ping,Failed
2025-02-24 21:47:25.534,Day1-ATT-NH-IN,36.19588800,-94.18400200,QualiPoc_083101,AT&T,LTE,LTE,LTE,8.8.8.8,ICMP,154.9,150.8,155.5,32,10,Ping,Completed
2025-02-24 21:48:06.749,Day1-ATT-NH-IN,36.19590300,-94.18350600,QualiPoc_083101,AT&T,LTE,LTE CA,LTE CA,8.8.8.8,ICMP,142.3,136.1,143.5,32,10,Ping,Completed
2025-02-24 21:48:38.357,Day1-ATT-NH-IN,36.19604300,-94.18333600,QualiPoc_083101,AT&T,LTE,LTE,LTE/LTE CA,8.8.8.8,ICMP,188.222,135.8,139,32,10,Ping,Failed
2025-02-24 21:48:38.357,Day1-ATT-NH-IN,36.19604300,-94.18333600,QualiPoc_083101,AT&T,LTE,LTE CA,LTE/LTE CA,8.8.8.8,ICMP,188.222,135.8,139,32,10,Ping,Failed
2025-02-24 21:49:01.300,Day1-ATT-NH-IN,36.19625800,-94.18332600,QualiPoc_083101,AT&T,LTE,LTE,LTE,8.8.8.8,ICMP,166.2,134.3,152,32,10,Ping,Completed
2025-02-24 21:49:42.777,Day1-ATT-NH-IN,36.19640100,-94.18347000,QualiPoc_083101,AT&T,LTE,LTE,LTE,8.8.8.8,ICMP,134.1,132,133.5,32,10,Ping,Completed
2025-02-24 21:50:24.279,Day1-ATT-NH-IN,36.19640900,-94.18395100,QualiPoc_083101,AT&T,LTE,LTE,LTE,8.8.8.8,ICMP,2745.5,158.9,2320,32,10,Ping,Completed
2025-02-24 21:51:05.945,Day1-ATT-NH-IN,36.19635700,-94.18428800,QualiPoc_083101,AT&T,LTE,LTE,LTE,8.8.8.8,ICMP,945.6,137.7,149.5,32,10,Ping,Completed
2025-02-24 21:51:47.524,Day1-ATT-NH-IN,36.19619100,-94.18440600,QualiPoc_083101,AT&T,LTE,LTE,LTE,8.8.8.8,ICMP,149.2,138.8,149.5,32,10,Ping,Completed
2025-02-24 21:52:19.039,Day1-ATT-NH-IN,36.19619200,-94.18401000,QualiPoc_083101,AT&T,LTE,LTE,LTE,8.8.8.8,ICMP,2605.1,163.3,2120,32,10,Ping,Completed
2025-02-24 21:53:00.639,Day1-ATT-NH-IN,36.19613100,-94.18360400,QualiPoc_083101,AT&T,LTE,LTE,LTE,8.8.8.8,ICMP,0,,,32,10,Ping,Failed
2025-02-24 22:40:30.180,Day1-WIFI-IN,36.19594500,-94.18442400,QualiPoc_083101,"315/10   ",No service,WiFi,WiFi,8.8.8.8,ICMP,65.77,48,59,32,10,Ping,Completed
2025-02-24 22:41:10.846,Day1-WIFI-IN,36.19636300,-94.18439100,QualiPoc_083101,"315/10   ",No service,WiFi,WiFi,8.8.8.8,ICMP,84.678,47.8,78,32,10,Ping,Failed
2025-02-24 22:41:52.752,Day1-WIFI-IN,36.19637100,-94.18470800,QualiPoc_083101,"315/10   ",No service,WiFi,WiFi,8.8.8.8,ICMP,91.85,56.9,68.5,32,10,Ping,Completed
2025-02-24 22:42:33.632,Day1-WIFI-IN,36.19614900,-94.18479500,QualiPoc_083101,"315/10   ",No service,WiFi,WiFi,8.8.8.8,ICMP,77.49,53.6,61.5,32,10,Ping,Completed
2025-02-24 22:43:05.177,Day1-WIFI-IN,36.19581900,-94.18456700,QualiPoc_083101,"315/10   ",No service,WiFi,WiFi,8.8.8.8,ICMP,67.99,50.6,56.5,32,10,Ping,Completed
2025-02-24 22:43:45.849,Day1-WIFI-IN,36.19582200,-94.18419900,QualiPoc_083101,"315/10   ",No service,WiFi,WiFi,8.8.8.8,ICMP,62.58,47,51,32,10,Ping,Completed
2025-02-24 22:44:26.925,Day1-WIFI-IN,36.19589900,-94.18351600,QualiPoc_083101,"315/10   ",No service,WiFi,WiFi,8.8.8.8,ICMP,79.389,53.4,66,32,10,Ping,Failed
2025-02-24 22:45:08.654,Day1-WIFI-IN,36.19607400,-94.18335200,QualiPoc_083101,"315/10   ",No service,WiFi,WiFi,8.8.8.8,ICMP,85.48,48,67.5,32,10,Ping,Completed
2025-02-24 22:45:49.507,Day1-WIFI-IN,36.19636000,-94.18339500,QualiPoc_083101,"315/10   ",No service,WiFi,WiFi,8.8.8.8,ICMP,94.87,47.9,69,32,10,Ping,Completed
2025-02-24 22:46:30.792,Day1-WIFI-IN,36.19635600,-94.18378800,QualiPoc_083101,"315/10   ",No service,WiFi,WiFi,8.8.8.8,ICMP,96.18,48.7,85,32,10,Ping,Completed
2025-02-24 22:47:11.723,Day1-WIFI-IN,36.19635200,-94.18408900,QualiPoc_083101,"315/10   ",No service,WiFi,WiFi,8.8.8.8,ICMP,91.57,49.8,63,32,10,Ping,Completed
2025-02-24 22:47:52.605,Day1-WIFI-IN,36.19639400,-94.18449200,QualiPoc_083101,"315/10   ",No service,WiFi,WiFi,8.8.8.8,ICMP,125.278,57.4,92,32,10,Ping,Failed
2025-02-24 22:48:34.501,Day1-WIFI-IN,36.19619500,-94.18443900,QualiPoc_083101,"315/10   ",No service,WiFi,WiFi,8.8.8.8,ICMP,80.77,47,58,32,10,Ping,Completed
2025-02-24 22:49:15.747,Day1-WIFI-IN,36.19612400,-94.18406500,QualiPoc_083101,"315/10   ",No service,WiFi,WiFi,8.8.8.8,ICMP,69.23,49.8,58.5,32,10,Ping,Completed
2025-02-24 22:49:47.214,Day1-WIFI-IN,36.19613200,-94.18382600,QualiPoc_083101,"315/10   ",No service,WiFi,WiFi,8.8.8.8,ICMP,58.54,46.9,49.5,32,10,Ping,Completed
2025-02-24 22:50:28.231,Day1-WIFI-IN,36.19609400,-94.18328600,QualiPoc_083101,"315/10   ",No service,WiFi,WiFi,8.8.8.8,ICMP,81.444,47,60,32,10,Ping,Failed
2025-02-24 23:02:57.090,Day1-WIFI-OUT,36.19512600,-94.18472300,QualiPoc_083101,AT&T,,,,8.8.8.8,ICMP,0,,,32,10,Ping,Failed
2025-02-24 23:03:15.663,Day1-WIFI-OUT,36.19549100,-94.18470900,QualiPoc_083101,AT&T,,,,8.8.8.8,ICMP,0,,,32,10,Ping,Failed
2025-02-24 23:03:39.703,Day1-WIFI-OUT,36.19556800,-94.18431000,QualiPoc_083101,AT&T,,WiFi,WiFi,8.8.8.8,ICMP,88.76,49.4,72,32,10,Ping,Completed
2025-02-24 23:04:20.637,Day1-WIFI-OUT,36.19555500,-94.18349100,QualiPoc_083101,AT&T,,WiFi,WiFi,8.8.8.8,ICMP,75.99,47.9,63.5,32,10,Ping,Completed
2025-02-24 23:05:01.827,Day1-WIFI-OUT,36.19571200,-94.18290500,QualiPoc_083101,AT&T,,WiFi,WiFi,8.8.8.8,ICMP,69.63,55.2,59.5,32,10,Ping,Completed
2025-02-24 23:05:42.614,Day1-WIFI-OUT,36.19556100,-94.18332800,QualiPoc_083101,AT&T,,WiFi,WiFi,8.8.8.8,ICMP,112.01,63.3,97,32,10,Ping,Completed
2025-02-24 23:06:24.390,Day1-WIFI-OUT,36.19557000,-94.18425900,QualiPoc_083101,AT&T,,WiFi,WiFi,8.8.8.8,ICMP,73.7,45.8,59,32,10,Ping,Completed
2025-02-24 23:06:55.619,Day1-WIFI-OUT,36.19557200,-94.18492600,QualiPoc_083101,AT&T,,WiFi,WiFi,8.8.8.8,ICMP,80.017,56,77.5,32,10,Ping,Failed
2025-02-24 23:07:37.728,Day1-WIFI-OUT,36.19506200,-94.18509600,QualiPoc_083101,AT&T,,WiFi,WiFi,8.8.8.8,ICMP,94.3,80.2,101,32,10,Ping,Failed
2025-02-24 23:08:10.235,Day1-WIFI-OUT,36.19462700,-94.18511900,QualiPoc_083101,AT&T,,WiFi,WiFi,8.8.8.8,ICMP,142,60.6,107,32,10,Ping,Failed
2025-02-24 23:08:34.034,Day1-WIFI-OUT,36.19448200,-94.18497200,QualiPoc_083101,AT&T,,,,8.8.8.8,ICMP,0,,,32,10,Ping,Failed
2025-02-24 23:08:46.562,Day1-WIFI-OUT,36.19447500,-94.18470100,QualiPoc_083101,AT&T,,,,8.8.8.8,ICMP,0,,,32,10,Ping,Failed
2025-02-24 23:08:59.031,Day1-WIFI-OUT,36.19447000,-94.18442600,QualiPoc_083101,AT&T,,,,8.8.8.8,ICMP,0,,,32,10,Ping,Failed
2025-02-24 23:09:11.603,Day1-WIFI-OUT,36.19453800,-94.18416600,QualiPoc_083101,AT&T,,,,8.8.8.8,ICMP,0,,,32,10,Ping,Failed
2025-02-24 23:09:24.179,Day1-WIFI-OUT,36.19478200,-94.18415000,QualiPoc_083101,AT&T,,,,8.8.8.8,ICMP,0,,,32,10,Ping,Failed
2025-02-24 23:09:36.834,Day1-WIFI-OUT,36.19500600,-94.18414400,QualiPoc_083101,AT&T,,,,8.8.8.8,ICMP,0,,,32,10,Ping,Failed
2025-02-24 23:09:49.453,Day1-WIFI-OUT,36.19525700,-94.18413500,QualiPoc_083101,AT&T,,,,8.8.8.8,ICMP,0,,,32,10,Ping,Failed
2025-02-24 23:10:02.042,Day1-WIFI-OUT,36.19547000,-94.18415200,QualiPoc_083101,AT&T,,,,8.8.8.8,ICMP,0,,,32,10,Ping,Failed
2025-02-24 23:10:14.719,Day1-WIFI-OUT,36.19557200,-94.18404400,QualiPoc_083101,AT&T,,,,8.8.8.8,ICMP,0,,,32,10,Ping,Failed
2025-02-24 23:10:27.364,Day1-WIFI-OUT,36.19556000,-94.18378200,QualiPoc_083101,AT&T,,,,8.8.8.8,ICMP,0,,,32,10,Ping,Failed
2025-02-24 23:10:49.728,Day1-WIFI-OUT,36.19543700,-94.18333000,QualiPoc_083101,AT&T,,WiFi,WiFi,8.8.8.8,ICMP,65.24,45.8,60.5,32,10,Ping,Completed
2025-02-24 23:11:11.886,Day1-WIFI-OUT,36.19505000,-94.18335800,QualiPoc_083101,AT&T,,WiFi,WiFi,8.8.8.8,ICMP,98.77,46.9,89.5,32,10,Ping,Completed
2025-02-24 23:11:43.229,Day1-WIFI-OUT,36.19475900,-94.18336800,QualiPoc_083101,AT&T,,WiFi,WiFi,8.8.8.8,ICMP,1430,1430,1430,32,10,Ping,Failed
2025-02-24 23:12:17.299,Day1-WIFI-OUT,36.19483000,-94.18302600,QualiPoc_083101,AT&T,,WiFi,WiFi,8.8.8.8,ICMP,55.7,45.6,52,32,10,Ping,Failed
2025-02-24 23:12:40.537,Day1-WIFI-OUT,36.19463900,-94.18331300,QualiPoc_083101,AT&T,,WiFi,WiFi,8.8.8.8,ICMP,85.675,54.2,62,32,10,Ping,Failed
2025-02-24 23:13:03.459,Day1-WIFI-OUT,36.19479800,-94.18377000,QualiPoc_083101,AT&T,,WiFi,WiFi,8.8.8.8,ICMP,962,962,962,32,10,Ping,Failed
2025-02-24 23:13:27.475,Day1-WIFI-OUT,36.19503000,-94.18411500,QualiPoc_083101,AT&T,,WiFi,WiFi,8.8.8.8,ICMP,78.02,60.8,69,32,10,Ping,Failed
2025-02-24 23:13:50.236,Day1-WIFI-OUT,36.19511700,-94.18427400,QualiPoc_083101,AT&T,,WiFi,WiFi,8.8.8.8,ICMP,0,,,32,10,Ping,System Release
2025-02-24 23:19:08.460,Day1-ATT-MNO-DEF-OUT,36.19557700,-94.18460400,QualiPoc_083101,AT&T,LTE,LTE,LTE,8.8.8.8,ICMP,59.21,51.8,57,32,10,Ping,Completed
2025-02-24 23:19:48.901,Day1-ATT-MNO-DEF-OUT,36.19554900,-94.18395000,QualiPoc_083101,AT&T,LTE,LTE,LTE,8.8.8.8,ICMP,47.52,44.7,46.5,32,10,Ping,Completed
2025-02-24 23:20:29.748,Day1-ATT-MNO-DEF-OUT,36.19553600,-94.18329400,QualiPoc_083101,AT&T,LTE,LTE,LTE,8.8.8.8,ICMP,53.53,46,51,32,10,Ping,Completed
2025-02-24 23:21:10.280,Day1-ATT-MNO-DEF-OUT,36.19571100,-94.18286600,QualiPoc_083101,AT&T,LTE,LTE,LTE,8.8.8.8,ICMP,54.56,47,52,32,10,Ping,Completed
2025-02-24 23:21:50.726,Day1-ATT-MNO-DEF-OUT,36.19555400,-94.18308200,QualiPoc_083101,AT&T,LTE,LTE,LTE,8.8.8.8,ICMP,53.29,46,52.5,32,10,Ping,Completed
2025-02-24 23:22:31.241,Day1-ATT-MNO-DEF-OUT,36.19557000,-94.18363100,QualiPoc_083101,AT&T,LTE,LTE,LTE,8.8.8.8,ICMP,52.01,47.8,52,32,10,Ping,Completed
2025-02-24 23:23:11.617,Day1-ATT-MNO-DEF-OUT,36.19558300,-94.18420100,QualiPoc_083101,AT&T,LTE,LTE,LTE,8.8.8.8,ICMP,53.82,47.9,52.5,32,10,Ping,Completed
2025-02-24 23:23:52.171,Day1-ATT-MNO-DEF-OUT,36.19559000,-94.18477100,QualiPoc_083101,AT&T,LTE,LTE,LTE,8.8.8.8,ICMP,52.78,46.9,50.5,32,10,Ping,Completed
2025-02-24 23:24:32.762,Day1-ATT-MNO-DEF-OUT,36.19533900,-94.18509100,QualiPoc_083101,AT&T,LTE,LTE,LTE,8.8.8.8,ICMP,55.79,49.9,56,32,10,Ping,Completed
2025-02-24 23:25:13.188,Day1-ATT-MNO-DEF-OUT,36.19491100,-94.18508300,QualiPoc_083101,AT&T,LTE,LTE,LTE,8.8.8.8,ICMP,56.78,50.5,55,32,10,Ping,Completed
2025-02-24 23:25:53.587,Day1-ATT-MNO-DEF-OUT,36.19449000,-94.18500100,QualiPoc_083101,AT&T,LTE,LTE,LTE,8.8.8.8,ICMP,67.86,47.9,59,32,10,Ping,Completed
2025-02-24 23:26:34.062,Day1-ATT-MNO-DEF-OUT,36.19448600,-94.18432800,QualiPoc_083101,AT&T,LTE,LTE,LTE,8.8.8.8,ICMP,51.68,45.2,50.5,32,10,Ping,Completed
2025-02-24 23:27:14.601,Day1-ATT-MNO-DEF-OUT,36.19501100,-94.18415700,QualiPoc_083101,AT&T,LTE,LTE,LTE,8.8.8.8,ICMP,66.64,46.9,51.5,32,10,Ping,Completed
2025-02-24 23:27:55.366,Day1-ATT-MNO-DEF-OUT,36.19556500,-94.18408000,QualiPoc_083101,AT&T,LTE,LTE,LTE,8.8.8.8,ICMP,68.64,48.9,52.5,32,10,Ping,Completed
2025-02-24 23:28:35.821,Day1-ATT-MNO-DEF-OUT,36.19552600,-94.18337800,QualiPoc_083101,AT&T,LTE,LTE,LTE,8.8.8.8,ICMP,49.22,44,49.5,32,10,Ping,Completed
2025-02-24 23:29:16.304,Day1-ATT-MNO-DEF-OUT,36.19498400,-94.18305800,QualiPoc_083101,AT&T,LTE,LTE,LTE,8.8.8.8,ICMP,50.69,44.4,52,32,10,Ping,Completed
2025-02-24 23:29:57.067,Day1-ATT-MNO-DEF-OUT,36.19463300,-94.18336800,QualiPoc_083101,AT&T,LTE,LTE,LTE,8.8.8.8,ICMP,51.85,44.5,53,32,10,Ping,Completed
2025-02-24 23:30:37.659,Day1-ATT-MNO-DEF-OUT,36.19447200,-94.18405900,QualiPoc_083101,AT&T,LTE,LTE,LTE,8.8.8.8,ICMP,51.31,45.7,51.5,32,10,Ping,Completed
2025-02-24 23:31:18.369,Day1-ATT-MNO-DEF-OUT,36.19491900,-94.18447400,QualiPoc_083101,AT&T,LTE,LTE,LTE,8.8.8.8,ICMP,56.525,46.4,53,32,10,Ping,System Release
2025-02-24 23:32:56.898,Day1-ATT-NH-OUT,36.19534100,-94.18453400,QualiPoc_083101,AT&T,No service,LTE,LTE,8.8.8.8,ICMP,0,,,32,10,Ping,Failed
2025-02-24 23:33:20.745,Day1-ATT-NH-OUT,36.19556400,-94.18445000,QualiPoc_083101,AT&T,LTE,LTE,LTE,8.8.8.8,ICMP,516.7,156,159,32,10,Ping,Completed
2025-02-24 23:33:20.745,Day1-ATT-NH-OUT,36.19556400,-94.18445000,QualiPoc_083101,AT&T,No service,LTE,LTE,8.8.8.8,ICMP,516.7,156,159,32,10,Ping,Completed
2025-02-24 23:34:02.181,Day1-ATT-NH-OUT,36.19555100,-94.18375700,QualiPoc_083101,AT&T,LTE,LTE,LTE,8.8.8.8,ICMP,0,,,32,10,Ping,Failed
2025-02-24 23:34:02.181,Day1-ATT-NH-OUT,36.19555100,-94.18375700,QualiPoc_083101,AT&T,No service,LTE,LTE,8.8.8.8,ICMP,0,,,32,10,Ping,Failed
2025-02-24 23:34:26.115,Day1-ATT-NH-OUT,36.19554200,-94.18339000,QualiPoc_083101,AT&T,LTE,LTE,LTE,8.8.8.8,ICMP,598.6,134.4,152.5,32,10,Ping,Completed
2025-02-24 23:34:26.115,Day1-ATT-NH-OUT,36.19554200,-94.18339000,QualiPoc_083101,AT&T,No service,LTE,LTE,8.8.8.8,ICMP,598.6,134.4,152.5,32,10,Ping,Completed
2025-02-24 23:34:48.083,Day1-ATT-NH-OUT,36.19553900,-94.18297800,QualiPoc_083101,AT&T,LTE,LTE,LTE,8.8.8.8,ICMP,0,,,32,10,Ping,Failed
2025-02-24 23:34:48.083,Day1-ATT-NH-OUT,36.19553900,-94.18297800,QualiPoc_083101,AT&T,No service,LTE,LTE,8.8.8.8,ICMP,0,,,32,10,Ping,Failed
2025-02-24 23:35:11.974,Day1-ATT-NH-OUT,36.19570300,-94.18290400,QualiPoc_083101,AT&T,No service,LTE,LTE,8.8.8.8,ICMP,0,,,32,10,Ping,Failed
2025-02-24 23:35:35.772,Day1-ATT-NH-OUT,36.19553800,-94.18298500,QualiPoc_083101,AT&T,No service,LTE,LTE,8.8.8.8,ICMP,0,,,32,10,Ping,Failed
2025-02-24 23:35:59.680,Day1-ATT-NH-OUT,36.19554800,-94.18331900,QualiPoc_083101,AT&T,No service,LTE,LTE,8.8.8.8,ICMP,0,,,32,10,Ping,Failed
2025-02-24 23:36:33.319,Day1-ATT-NH-OUT,36.19555400,-94.18371700,QualiPoc_083101,AT&T,LTE,LTE,LTE,8.8.8.8,ICMP,0,,,32,10,Ping,Failed
2025-02-24 23:36:57.431,Day1-ATT-NH-OUT,36.19556600,-94.18401900,QualiPoc_083101,AT&T,LTE,LTE,LTE,8.8.8.8,ICMP,682.6,142.6,169,32,10,Ping,Failed
2025-02-24 23:37:22.469,Day1-ATT-NH-OUT,36.19556700,-94.18431600,QualiPoc_083101,AT&T,LTE,LTE,LTE,8.8.8.8,ICMP,199.5,147,153,32,10,Ping,Completed
2025-02-24 23:37:44.509,Day1-ATT-NH-OUT,36.19557200,-94.18451000,QualiPoc_083101,AT&T,LTE,LTE,LTE,8.8.8.8,ICMP,2599.9,164.2,2109,32,10,Ping,Completed
2025-02-24 23:38:26.413,Day1-ATT-NH-OUT,36.19558000,-94.18493100,QualiPoc_083101,AT&T,LTE,LTE,LTE/LTE CA,8.8.8.8,ICMP,271,182.8,278,32,10,Ping,Failed
2025-02-24 23:38:26.413,Day1-ATT-NH-OUT,36.19558000,-94.18493100,QualiPoc_083101,AT&T,LTE,LTE CA,LTE/LTE CA,8.8.8.8,ICMP,271,182.8,278,32,10,Ping,Failed
2025-02-24 23:38:49.161,Day1-ATT-NH-OUT,36.19537400,-94.18510100,QualiPoc_083101,AT&T,No service,LTE,LTE,8.8.8.8,ICMP,0,,,32,10,Ping,Failed
2025-02-24 23:39:13.028,Day1-ATT-NH-OUT,36.19507600,-94.18509400,QualiPoc_083101,AT&T,No service,LTE,LTE,8.8.8.8,ICMP,0,,,32,10,Ping,Failed
2025-02-24 23:39:36.971,Day1-ATT-NH-OUT,36.19476200,-94.18510200,QualiPoc_083101,AT&T,No service,LTE,LTE,8.8.8.8,ICMP,0,,,32,10,Ping,Failed
2025-02-24 23:40:01.009,Day1-ATT-NH-OUT,36.19452300,-94.18510000,QualiPoc_083101,AT&T,No service,LTE,LTE,8.8.8.8,ICMP,0,,,32,10,Ping,Failed
2025-02-24 23:40:25.844,Day1-ATT-NH-OUT,36.19447500,-94.18471700,QualiPoc_083101,AT&T,No service,LTE,LTE,8.8.8.8,ICMP,0,,,32,10,Ping,Failed
2025-02-24 23:40:49.628,Day1-ATT-NH-OUT,36.19447000,-94.18434800,QualiPoc_083101,AT&T,No service,LTE,LTE,8.8.8.8,ICMP,0,,,32,10,Ping,Failed
2025-02-24 23:41:13.428,Day1-ATT-NH-OUT,36.19475700,-94.18416000,QualiPoc_083101,AT&T,No service,LTE,LTE,8.8.8.8,ICMP,0,,,32,10,Ping,Failed
2025-02-24 23:41:37.293,Day1-ATT-NH-OUT,36.19520600,-94.18414700,QualiPoc_083101,AT&T,No service,LTE,LTE,8.8.8.8,ICMP,0,,,32,10,Ping,Failed
2025-02-24 23:42:01.035,Day1-ATT-NH-OUT,36.19554900,-94.18413100,QualiPoc_083101,AT&T,No service,LTE,LTE,8.8.8.8,ICMP,0,,,32,10,Ping,Failed
2025-02-24 23:42:28.547,Day1-ATT-NH-OUT,36.19556000,-94.18370900,QualiPoc_083101,AT&T,No service,LTE,LTE,8.8.8.8,ICMP,0,,,32,10,Ping,Failed
2025-02-24 23:42:53.588,Day1-ATT-NH-OUT,36.19543000,-94.18335100,QualiPoc_083101,AT&T,LTE,LTE,LTE,8.8.8.8,ICMP,0,,,32,10,Ping,Failed
2025-02-24 23:42:53.588,Day1-ATT-NH-OUT,36.19543000,-94.18335100,QualiPoc_083101,AT&T,No service,LTE,LTE,8.8.8.8,ICMP,0,,,32,10,Ping,Failed
2025-02-24 23:43:17.824,Day1-ATT-NH-OUT,36.19509600,-94.18316900,QualiPoc_083101,AT&T,No service,LTE,LTE,8.8.8.8,ICMP,0,,,32,10,Ping,Failed
2025-02-24 23:43:42.040,Day1-ATT-NH-OUT,36.19478800,-94.18298800,QualiPoc_083101,AT&T,No service,LTE,LTE,8.8.8.8,ICMP,0,,,32,10,Ping,Failed
2025-02-24 23:44:06.993,Day1-ATT-NH-OUT,36.19463500,-94.18333300,QualiPoc_083101,AT&T,No service,LTE,LTE,8.8.8.8,ICMP,0,,,32,10,Ping,Failed
2025-02-24 23:44:32.042,Day1-ATT-NH-OUT,36.19465300,-94.18377700,QualiPoc_083101,AT&T,No service,LTE,LTE,8.8.8.8,ICMP,0,,,32,10,Ping,Failed
2025-02-24 23:44:56.942,Day1-ATT-NH-OUT,36.19447700,-94.18402500,QualiPoc_083101,AT&T,No service,LTE,LTE,8.8.8.8,ICMP,0,,,32,10,Ping,Failed
2025-02-24 23:45:20.919,Day1-ATT-NH-OUT,36.19473100,-94.18423000,QualiPoc_083101,AT&T,No service,LTE,LTE,8.8.8.8,ICMP,0,,,32,10,Ping,Failed
2025-02-24 23:45:44.942,Day1-ATT-NH-OUT,36.19502600,-94.18454300,QualiPoc_083101,AT&T,No service,LTE,LTE,8.8.8.8,ICMP,0,,,32,10,Ping,Failed
2025-02-24 23:46:09.036,Day1-ATT-NH-OUT,36.19541700,-94.18453200,QualiPoc_083101,AT&T,LTE,LTE,LTE,8.8.8.8,ICMP,3268,171.3,3027.5,32,10,Ping,Completed
2025-02-24 23:46:09.036,Day1-ATT-NH-OUT,36.19541700,-94.18453200,QualiPoc_083101,AT&T,No service,LTE,LTE,8.8.8.8,ICMP,3268,171.3,3027.5,32,10,Ping,Completed
2025-02-25 11:35:15.380,Day2-ATT-MNO-DEF-IN,36.19552800,-94.18442200,QualiPoc_083101,AT&T,LTE,LTE,LTE,8.8.8.8,ICMP,46.01,42,45,32,10,Ping,Completed
2025-02-25 11:35:55.823,Day2-ATT-MNO-DEF-IN,36.19564800,-94.18441700,QualiPoc_083101,AT&T,LTE,LTE,LTE,8.8.8.8,ICMP,51.68,45.8,50,32,10,Ping,Completed
2025-02-25 11:36:36.272,Day2-ATT-MNO-DEF-IN,36.19601400,-94.18443000,QualiPoc_083101,AT&T,LTE,LTE,LTE,8.8.8.8,ICMP,44.7,40.8,44,32,10,Ping,Completed
2025-02-25 11:37:16.515,Day2-ATT-MNO-DEF-IN,36.19627200,-94.18446900,QualiPoc_083101,AT&T,LTE,LTE,LTE,8.8.8.8,ICMP,49.84,39.9,47.5,32,10,Ping,Completed
2025-02-25 11:37:47.431,Day2-ATT-MNO-DEF-IN,36.19642800,-94.18451800,QualiPoc_083101,AT&T,LTE,LTE,LTE,8.8.8.8,ICMP,64.37,53.4,62.5,32,10,Ping,Completed
2025-02-25 11:38:18.608,Day2-ATT-MNO-DEF-IN,36.19631900,-94.18475400,QualiPoc_083101,AT&T,LTE,LTE,LTE,8.8.8.8,ICMP,121.64,82.4,109.5,32,10,Ping,Completed
2025-02-25 11:38:40.611,Day2-ATT-MNO-DEF-IN,36.19615800,-94.18487600,QualiPoc_083101,AT&T,LTE,LTE,LTE,8.8.8.8,ICMP,76.74,63.7,65.5,32,10,Ping,Completed
2025-02-25 11:39:21.728,Day2-ATT-MNO-DEF-IN,36.19593300,-94.18474900,QualiPoc_083101,AT&T,LTE,LTE,LTE,8.8.8.8,ICMP,54.89,43.5,57,32,10,Ping,Completed
2025-02-25 11:40:02.325,Day2-ATT-MNO-DEF-IN,36.19590600,-94.18435100,QualiPoc_083101,AT&T,LTE,LTE,LTE,8.8.8.8,ICMP,52.01,49,51.5,32,10,Ping,Completed
2025-02-25 11:40:43.567,Day2-ATT-MNO-DEF-IN,36.19588600,-94.18404300,QualiPoc_083101,AT&T,LTE,LTE,LTE,8.8.8.8,ICMP,91.45,49.9,58.5,32,10,Ping,Completed
2025-02-25 11:41:24.572,Day2-ATT-MNO-DEF-IN,36.19583100,-94.18368500,QualiPoc_083101,AT&T,LTE,LTE,LTE,8.8.8.8,ICMP,45.71,39.4,42.5,32,10,Ping,Completed
2025-02-25 11:42:05.187,Day2-ATT-MNO-DEF-IN,36.19594300,-94.18330400,QualiPoc_083101,AT&T,LTE,LTE,LTE,8.8.8.8,ICMP,44.52,36.9,44,32,10,Ping,Completed
2025-02-25 11:42:46.178,Day2-ATT-MNO-DEF-IN,36.19628800,-94.18338200,QualiPoc_083101,AT&T,LTE,LTE,LTE,8.8.8.8,ICMP,84.82,51.6,62,32,10,Ping,Completed
2025-02-25 11:43:27.279,Day2-ATT-MNO-DEF-IN,36.19641600,-94.18337200,QualiPoc_083101,AT&T,LTE,LTE,LTE,8.8.8.8,ICMP,55.82,45.3,53,32,10,Ping,Completed
2025-02-25 11:44:07.932,Day2-ATT-MNO-DEF-IN,36.19638100,-94.18380600,QualiPoc_083101,AT&T,LTE,LTE,LTE,8.8.8.8,ICMP,52.95,45.9,50.5,32,10,Ping,Completed
2025-02-25 11:44:49.120,Day2-ATT-MNO-DEF-IN,36.19636100,-94.18406700,QualiPoc_083101,AT&T,LTE,LTE,LTE,8.8.8.8,ICMP,56.84,51.4,54.5,32,10,Ping,Completed
2025-02-25 11:45:20.503,Day2-ATT-MNO-DEF-IN,36.19635200,-94.18454900,QualiPoc_083101,AT&T,LTE,LTE,LTE,8.8.8.8,ICMP,56.53,48.7,55,32,10,Ping,Completed
2025-02-25 11:45:51.615,Day2-ATT-MNO-DEF-IN,36.19622800,-94.18436900,QualiPoc_083101,AT&T,LTE,LTE,LTE,8.8.8.8,ICMP,68.14,48.7,55.5,32,10,Ping,Completed
2025-02-25 11:46:32.238,Day2-ATT-MNO-DEF-IN,36.19600300,-94.18414400,QualiPoc_083101,AT&T,LTE,LTE,LTE,8.8.8.8,ICMP,53.17,41.5,51,32,10,Ping,Completed
2025-02-25 11:47:03.516,Day2-ATT-MNO-DEF-IN,36.19610900,-94.18377400,QualiPoc_083101,AT&T,LTE,LTE,LTE,8.8.8.8,ICMP,57.45,44.9,52.5,32,10,Ping,Completed
2025-02-25 11:47:34.713,Day2-ATT-MNO-DEF-IN,36.19605600,-94.18353600,QualiPoc_083101,AT&T,LTE,LTE,LTE,8.8.8.8,ICMP,55.59,44.9,53.5,32,10,Ping,Completed
2025-02-25 11:53:24.006,Day2-ATT-MNO-4G-IN,36.19575500,-94.18442600,QualiPoc_083101,AT&T,LTE,LTE,LTE,8.8.8.8,ICMP,47.95,40.9,45.5,32,10,Ping,Completed
2025-02-25 11:54:04.767,Day2-ATT-MNO-4G-IN,36.19595500,-94.18444000,QualiPoc_083101,AT&T,LTE,LTE,LTE,8.8.8.8,ICMP,58.19,43.5,51,32,10,Ping,Completed
2025-02-25 11:54:45.555,Day2-ATT-MNO-4G-IN,36.19615900,-94.18445900,QualiPoc_083101,AT&T,LTE,LTE,LTE,8.8.8.8,ICMP,52.46,42.8,48.5,32,10,Ping,Completed
2025-02-25 11:55:26.077,Day2-ATT-MNO-4G-IN,36.19634900,-94.18454900,QualiPoc_083101,AT&T,LTE,LTE,LTE,8.8.8.8,ICMP,53.51,44.5,54,32,10,Ping,Completed
2025-02-25 11:56:06.692,Day2-ATT-MNO-4G-IN,36.19631400,-94.18465000,QualiPoc_083101,AT&T,LTE,LTE,LTE,8.8.8.8,ICMP,46.95,39.8,43.5,32,10,Ping,Completed
2025-02-25 11:56:47.192,Day2-ATT-MNO-4G-IN,36.19601300,-94.18472500,QualiPoc_083101,AT&T,LTE,LTE,LTE,8.8.8.8,ICMP,45.72,41.8,46,32,10,Ping,Completed
2025-02-25 11:57:27.623,Day2-ATT-MNO-4G-IN,36.19599900,-94.18472200,QualiPoc_083101,AT&T,LTE,LTE,LTE,8.8.8.8,ICMP,50.36,43.6,48,32,10,Ping,Completed
2025-02-25 11:58:08.110,Day2-ATT-MNO-4G-IN,36.19593100,-94.18442700,QualiPoc_083101,AT&T,LTE,LTE,LTE,8.8.8.8,ICMP,42.12,35.7,43,32,10,Ping,Completed
2025-02-25 11:58:48.637,Day2-ATT-MNO-4G-IN,36.19587500,-94.18407900,QualiPoc_083101,AT&T,LTE,LTE,LTE,8.8.8.8,ICMP,47.88,41.7,46,32,10,Ping,Completed
2025-02-25 11:59:28.920,Day2-ATT-MNO-4G-IN,36.19591200,-94.18366100,QualiPoc_083101,AT&T,LTE,LTE,LTE,8.8.8.8,ICMP,59.09,45.5,50.5,32,10,Ping,Completed
2025-02-25 12:00:09.476,Day2-ATT-MNO-4G-IN,36.19597600,-94.18342900,QualiPoc_083101,AT&T,LTE,LTE,LTE,8.8.8.8,ICMP,50.63,41.9,47,32,10,Ping,Completed
2025-02-25 12:00:40.734,Day2-ATT-MNO-4G-IN,36.19611400,-94.18337500,QualiPoc_083101,AT&T,LTE,LTE,LTE,8.8.8.8,ICMP,49.76,39.8,48,32,10,Ping,Completed
2025-02-25 12:01:21.435,Day2-ATT-MNO-4G-IN,36.19632800,-94.18328900,QualiPoc_083101,AT&T,LTE,LTE,LTE,8.8.8.8,ICMP,53.77,43.6,53,32,10,Ping,Completed
2025-02-25 12:01:52.928,Day2-ATT-MNO-4G-IN,36.19632700,-94.18340800,QualiPoc_083101,AT&T,LTE,LTE,LTE,8.8.8.8,ICMP,58.61,49.1,56.5,32,10,Ping,Completed
2025-02-25 12:02:24.518,Day2-ATT-MNO-4G-IN,36.19635800,-94.18382800,QualiPoc_083101,AT&T,LTE,LTE,LTE,8.8.8.8,ICMP,57.07,46,55,32,10,Ping,Completed
2025-02-25 12:02:56.311,Day2-ATT-MNO-4G-IN,36.19636200,-94.18389900,QualiPoc_083101,AT&T,LTE,LTE,LTE,8.8.8.8,ICMP,106.97,65.3,73,32,10,Ping,Completed
2025-02-25 12:03:18.364,Day2-ATT-MNO-4G-IN,36.19634600,-94.18423300,QualiPoc_083101,AT&T,LTE,LTE,LTE,8.8.8.8,ICMP,72.74,46,59.5,32,10,Ping,Completed
2025-02-25 12:03:59.283,Day2-ATT-MNO-4G-IN,36.19629300,-94.18443600,QualiPoc_083101,AT&T,LTE,LTE,LTE,8.8.8.8,ICMP,47.83,38.7,45,32,10,Ping,Completed
2025-02-25 12:04:39.983,Day2-ATT-MNO-4G-IN,36.19616300,-94.18428500,QualiPoc_083101,AT&T,LTE,LTE,LTE,8.8.8.8,ICMP,44.91,37.9,45,32,10,Ping,Completed
2025-02-25 12:05:20.450,Day2-ATT-MNO-4G-IN,36.19616800,-94.18385500,QualiPoc_083101,AT&T,LTE,LTE,LTE,8.8.8.8,ICMP,44.5,36.8,42,32,10,Ping,Completed
2025-02-25 12:06:00.779,Day2-ATT-MNO-4G-IN,36.19613400,-94.18339700,QualiPoc_083101,AT&T,LTE,LTE,LTE,8.8.8.8,ICMP,43,36.9,42.5,32,10,Ping,Completed
2025-02-25 15:53:18.043,Day2-ATT-MNO-4G-OUT,36.19548100,-94.18450800,QualiPoc_083101,AT&T,LTE,LTE,LTE,8.8.8.8,ICMP,47.69,41.8,46.5,32,10,Ping,Completed
2025-02-25 15:53:58.448,Day2-ATT-MNO-4G-OUT,36.19553500,-94.18393700,QualiPoc_083101,AT&T,LTE,LTE,LTE,8.8.8.8,ICMP,47.16,39.9,47.5,32,10,Ping,Completed
2025-02-25 15:54:38.917,Day2-ATT-MNO-4G-OUT,36.19551500,-94.18305500,QualiPoc_083101,AT&T,LTE,LTE,LTE,8.8.8.8,ICMP,49.22,43.8,49.5,32,10,Ping,Completed
2025-02-25 15:55:19.535,Day2-ATT-MNO-4G-OUT,36.19570700,-94.18288200,QualiPoc_083101,AT&T,LTE,LTE,LTE,8.8.8.8,ICMP,47.16,41.9,47,32,10,Ping,Completed
2025-02-25 15:55:59.983,Day2-ATT-MNO-4G-OUT,36.19556100,-94.18330400,QualiPoc_083101,AT&T,LTE,LTE,LTE,8.8.8.8,ICMP,47.25,42,45,32,10,Ping,Completed
2025-02-25 15:56:40.312,Day2-ATT-MNO-4G-OUT,36.19557700,-94.18388900,QualiPoc_083101,AT&T,LTE,LTE,LTE,8.8.8.8,ICMP,49.85,40.2,48.5,32,10,Ping,Completed
2025-02-25 15:57:20.892,Day2-ATT-MNO-4G-OUT,36.19557500,-94.18439100,QualiPoc_083101,AT&T,LTE,LTE,LTE,8.8.8.8,ICMP,51.33,46,50,32,10,Ping,Completed
2025-02-25 15:58:01.314,Day2-ATT-MNO-4G-OUT,36.19558400,-94.18494600,QualiPoc_083101,AT&T,LTE,LTE,LTE,8.8.8.8,ICMP,52.99,47.6,50.5,32,10,Ping,Completed
2025-02-25 15:58:41.924,Day2-ATT-MNO-4G-OUT,36.19529000,-94.18511500,QualiPoc_083101,AT&T,LTE,LTE,LTE,8.8.8.8,ICMP,53.3,47.9,49.5,32,10,Ping,Completed
2025-02-25 15:59:22.393,Day2-ATT-MNO-4G-OUT,36.19470600,-94.18512300,QualiPoc_083101,AT&T,LTE,LTE,LTE,8.8.8.8,ICMP,46.27,38.9,43,32,10,Ping,Completed
2025-02-25 16:00:03.183,Day2-ATT-MNO-4G-OUT,36.19445600,-94.18472500,QualiPoc_083101,AT&T,LTE,LTE,LTE,8.8.8.8,ICMP,49,42.9,49,32,10,Ping,Completed
2025-02-25 16:00:43.781,Day2-ATT-MNO-4G-OUT,36.19475600,-94.18413100,QualiPoc_083101,AT&T,LTE,LTE,LTE,8.8.8.8,ICMP,46.03,41.8,45,32,10,Ping,Completed
2025-02-25 16:01:24.156,Day2-ATT-MNO-4G-OUT,36.19534600,-94.18411400,QualiPoc_083101,AT&T,LTE,LTE,LTE,8.8.8.8,ICMP,48.77,40.4,48,32,10,Ping,Completed
2025-02-25 16:02:04.510,Day2-ATT-MNO-4G-OUT,36.19553500,-94.18380700,QualiPoc_083101,AT&T,LTE,LTE,LTE,8.8.8.8,ICMP,48.51,41,46,32,10,Ping,Completed
2025-02-25 16:02:45.087,Day2-ATT-MNO-4G-OUT,36.19531400,-94.18338100,QualiPoc_083101,AT&T,LTE,LTE,LTE,8.8.8.8,ICMP,47.78,40.9,47,32,10,Ping,Completed
2025-02-25 16:03:16.046,Day2-ATT-MNO-4G-OUT,36.19499600,-94.18324100,QualiPoc_083101,AT&T,LTE,LTE,LTE,8.8.8.8,ICMP,49.7,45.9,49,32,10,Ping,Completed
2025-02-25 16:03:56.782,Day2-ATT-MNO-4G-OUT,36.19472700,-94.18303500,QualiPoc_083101,AT&T,LTE,LTE,LTE,8.8.8.8,ICMP,47.19,36.7,48,32,10,Ping,Completed
2025-02-25 16:04:37.170,Day2-ATT-MNO-4G-OUT,36.19465400,-94.18365300,QualiPoc_083101,AT&T,LTE,LTE,LTE,8.8.8.8,ICMP,46.05,40.9,44.5,32,10,Ping,Completed
2025-02-25 16:05:17.646,Day2-ATT-MNO-4G-OUT,36.19448800,-94.18406000,QualiPoc_083101,AT&T,LTE,LTE,LTE,8.8.8.8,ICMP,44.82,40,44.5,32,10,Ping,Completed
2025-02-25 16:05:58.315,Day2-ATT-MNO-4G-OUT,36.19480700,-94.18438200,QualiPoc_083101,AT&T,LTE,LTE,LTE,8.8.8.8,ICMP,47.22,41.9,47.5,32,10,Ping,Completed
2025-02-25 16:30:38.127,Day2-ATT-MNO-DEF-OUT,36.19550000,-94.18451700,QualiPoc_083101,AT&T,LTE,LTE,LTE,8.8.8.8,ICMP,59.65,48.9,58,32,10,Ping,Completed
2025-02-25 16:31:19.452,Day2-ATT-MNO-DEF-OUT,36.19554400,-94.18409300,QualiPoc_083101,AT&T,LTE,LTE,LTE,8.8.8.8,ICMP,53.83,47.8,53.5,32,10,Ping,Completed
2025-02-25 16:32:00.460,Day2-ATT-MNO-DEF-OUT,36.19553700,-94.18359000,QualiPoc_083101,AT&T,LTE,LTE,LTE,8.8.8.8,ICMP,59.43,54.4,60,32,10,Ping,Completed
2025-02-25 16:32:41.567,Day2-ATT-MNO-DEF-OUT,36.19565100,-94.18283700,QualiPoc_083101,AT&T,LTE,LTE,LTE,8.8.8.8,ICMP,51.07,45.5,50.5,32,10,Ping,Completed
2025-02-25 16:33:22.209,Day2-ATT-MNO-DEF-OUT,36.19567900,-94.18263700,QualiPoc_083101,AT&T,LTE,LTE,LTE,8.8.8.8,ICMP,57.16,49.6,53.5,32,10,Ping,Completed
2025-02-25 16:34:03.335,Day2-ATT-MNO-DEF-OUT,36.19556900,-94.18312800,QualiPoc_083101,AT&T,LTE,LTE,LTE,8.8.8.8,ICMP,55.41,47,53,32,10,Ping,Completed
2025-02-25 16:34:44.642,Day2-ATT-MNO-DEF-OUT,36.19556100,-94.18361000,QualiPoc_083101,AT&T,LTE,LTE,LTE,8.8.8.8,ICMP,51.49,46,50.5,32,10,Ping,Completed
2025-02-25 16:35:25.668,Day2-ATT-MNO-DEF-OUT,36.19556800,-94.18425600,QualiPoc_083101,AT&T,LTE,LTE,LTE,8.8.8.8,ICMP,59.38,48.9,58.5,32,10,Ping,Completed
2025-02-25 16:36:06.624,Day2-ATT-MNO-DEF-OUT,36.19558700,-94.18485300,QualiPoc_083101,AT&T,LTE,LTE,LTE,8.8.8.8,ICMP,72.08,49.5,53.5,32,10,Ping,Completed
2025-02-25 16:36:47.370,Day2-ATT-MNO-DEF-OUT,36.19524000,-94.18512500,QualiPoc_083101,AT&T,LTE,LTE,LTE,8.8.8.8,ICMP,57.59,48.8,54.5,32,10,Ping,Completed
2025-02-25 16:37:28.438,Day2-ATT-MNO-DEF-OUT,36.19458300,-94.18513700,QualiPoc_083101,AT&T,LTE,LTE,LTE,8.8.8.8,ICMP,51.18,46.8,51,32,10,Ping,Completed
2025-02-25 16:38:08.976,Day2-ATT-MNO-DEF-OUT,36.19446500,-94.18435300,QualiPoc_083101,AT&T,LTE,LTE,LTE,8.8.8.8,ICMP,54.35,46,54,32,10,Ping,Completed
2025-02-25 16:38:49.441,Day2-ATT-MNO-DEF-OUT,36.19508600,-94.18412800,QualiPoc_083101,AT&T,LTE,LTE,LTE,8.8.8.8,ICMP,65.64,46.9,58,32,10,Ping,Completed
2025-02-25 16:39:30.080,Day2-ATT-MNO-DEF-OUT,36.19553800,-94.18405300,QualiPoc_083101,AT&T,LTE,LTE,LTE,8.8.8.8,ICMP,57.69,51.8,56.5,32,10,Ping,Completed
2025-02-25 16:40:10.779,Day2-ATT-MNO-DEF-OUT,36.19553200,-94.18339900,QualiPoc_083101,AT&T,LTE,LTE,LTE,8.8.8.8,ICMP,56.77,51.8,55.5,32,10,Ping,Completed
2025-02-25 16:40:42.135,Day2-ATT-MNO-DEF-OUT,36.19498800,-94.18333400,QualiPoc_083101,AT&T,LTE,LTE,LTE,8.8.8.8,ICMP,55.37,48.9,52,32,10,Ping,Completed
2025-02-25 16:41:13.216,Day2-ATT-MNO-DEF-OUT,36.19465200,-94.18314400,QualiPoc_083101,AT&T,LTE,LTE,LTE,8.8.8.8,ICMP,56.11,47.8,54,32,10,Ping,Completed
2025-02-25 16:41:53.706,Day2-ATT-MNO-DEF-OUT,36.19453900,-94.18398700,QualiPoc_083101,AT&T,LTE,LTE,LTE,8.8.8.8,ICMP,55.03,47.8,53.5,32,10,Ping,Completed
2025-02-25 16:42:34.871,Day2-ATT-MNO-DEF-OUT,36.19492900,-94.18451500,QualiPoc_083101,AT&T,LTE,LTE,LTE,8.8.8.8,ICMP,56.76,47.8,57,32,10,Ping,Completed
2025-02-25 17:46:34.571,Day2-TMO-MNO-4G-IN,36.19604800,-94.18446200,QualiPoc_083101,T-Mobile,LTE,LTE,LTE,8.8.8.8,ICMP,54.13,44.9,53.5,32,10,Ping,Completed
2025-02-25 17:47:15.281,Day2-TMO-MNO-4G-IN,36.19642300,-94.18463400,QualiPoc_083101,T-Mobile,LTE,LTE,LTE,8.8.8.8,ICMP,57.74,48.9,56.5,32,10,Ping,Completed
2025-02-25 17:47:56.041,Day2-TMO-MNO-4G-IN,36.19622400,-94.18478300,QualiPoc_083101,T-Mobile,LTE,LTE,LTE,8.8.8.8,ICMP,62.29,55.9,60.5,32,10,Ping,Completed
2025-02-25 17:48:36.795,Day2-TMO-MNO-4G-IN,36.19609700,-94.18481700,QualiPoc_083101,T-Mobile,LTE,LTE,LTE,8.8.8.8,ICMP,67.84,54.9,60,32,10,Ping,Completed
2025-02-25 17:49:17.351,Day2-TMO-MNO-4G-IN,36.19609500,-94.18481700,QualiPoc_083101,T-Mobile,LTE,LTE,LTE,8.8.8.8,ICMP,56.55,43.8,59,32,10,Ping,Completed
2025-02-25 17:49:57.924,Day2-TMO-MNO-4G-IN,36.19609800,-94.18480200,QualiPoc_083101,T-Mobile,LTE,LTE,LTE,8.8.8.8,ICMP,62.91,47.7,53.5,32,10,Ping,Completed
2025-02-25 17:50:38.471,Day2-TMO-MNO-4G-IN,36.19609800,-94.18478100,QualiPoc_083101,T-Mobile,LTE,LTE,LTE,8.8.8.8,ICMP,86.37,52,63.5,32,10,Ping,Completed
2025-02-25 17:51:19.043,Day2-TMO-MNO-4G-IN,36.19609500,-94.18469700,QualiPoc_083101,T-Mobile,LTE,LTE,LTE,8.8.8.8,ICMP,53.41,44.8,52.5,32,10,Ping,Completed
2025-02-25 17:51:59.554,Day2-TMO-MNO-4G-IN,36.19610400,-94.18458000,QualiPoc_083101,T-Mobile,LTE,LTE,LTE,8.8.8.8,ICMP,67.26,51.9,59.5,32,10,Ping,Completed
2025-02-25 17:52:40.240,Day2-TMO-MNO-4G-IN,36.19611500,-94.18440600,QualiPoc_083101,T-Mobile,LTE,LTE,LTE,8.8.8.8,ICMP,61.62,54.8,60,32,10,Ping,Completed
2025-02-25 17:53:20.815,Day2-TMO-MNO-4G-IN,36.19607300,-94.18400100,QualiPoc_083101,T-Mobile,LTE,LTE,LTE,8.8.8.8,ICMP,53.86,44.7,52,32,10,Ping,Completed
2025-02-25 17:54:01.632,Day2-TMO-MNO-4G-IN,36.19633700,-94.18355800,QualiPoc_083101,T-Mobile,LTE,LTE,LTE,8.8.8.8,ICMP,80.87,44.9,52,32,10,Ping,Completed
2025-02-25 17:54:42.205,Day2-TMO-MNO-4G-IN,36.19639100,-94.18392600,QualiPoc_083101,T-Mobile,LTE,LTE,LTE,8.8.8.8,ICMP,48.39,43,47.5,32,10,Ping,Completed
2025-02-25 17:55:22.660,Day2-TMO-MNO-4G-IN,36.19641400,-94.18435700,QualiPoc_083101,T-Mobile,LTE,LTE,LTE,8.8.8.8,ICMP,76.81,45.9,54.5,32,10,Ping,Completed
2025-02-25 17:56:03.275,Day2-TMO-MNO-4G-IN,36.19611400,-94.18438300,QualiPoc_083101,T-Mobile,LTE,LTE,LTE,8.8.8.8,ICMP,52.67,42.7,51,32,10,Ping,Completed
2025-02-25 17:56:43.953,Day2-TMO-MNO-4G-IN,36.19625000,-94.18395200,QualiPoc_083101,T-Mobile,LTE,LTE,LTE,8.8.8.8,ICMP,51.59,41,47,32,10,Ping,Completed
2025-02-25 17:57:24.816,Day2-TMO-MNO-4G-IN,36.19624800,-94.18340000,QualiPoc_083101,T-Mobile,LTE,LTE,LTE,8.8.8.8,ICMP,50.9,46,48,32,10,Ping,System Release
2025-02-25 18:03:55.511,Day2-TMO-MNO-DEF-IN,36.19604600,-94.18446000,QualiPoc_083101,T-Mobile,5G NR,5G NR,5G NR,8.8.8.8,ICMP,69.26,55.1,72,32,10,Ping,Completed
2025-02-25 18:04:36.575,Day2-TMO-MNO-DEF-IN,36.19641100,-94.18452100,QualiPoc_083101,T-Mobile,5G NR,5G NR,5G NR,8.8.8.8,ICMP,114.76,62.8,107.5,32,10,Ping,Completed
2025-02-25 18:05:08.232,Day2-TMO-MNO-DEF-IN,36.19644700,-94.18473900,QualiPoc_083101,T-Mobile,5G NR,5G NR,5G NR,8.8.8.8,ICMP,82.68,66.5,75.5,32,10,Ping,Completed
2025-02-25 18:05:30.114,Day2-TMO-MNO-DEF-IN,36.19634800,-94.18474500,QualiPoc_083101,T-Mobile,5G NR,5G NR,5G NR,8.8.8.8,ICMP,97.03,48.7,97.5,32,10,Ping,Completed
2025-02-25 18:06:01.368,Day2-TMO-MNO-DEF-IN,36.19596300,-94.18479000,QualiPoc_083101,T-Mobile,5G NR,5G NR,5G NR,8.8.8.8,ICMP,67.92,61.5,69,32,10,Ping,Completed
2025-02-25 18:06:41.874,Day2-TMO-MNO-DEF-IN,36.19593600,-94.18443900,QualiPoc_083101,T-Mobile,5G NR,5G NR,5G NR,8.8.8.8,ICMP,67.14,60.1,66.5,32,10,Ping,Completed
2025-02-25 18:07:22.520,Day2-TMO-MNO-DEF-IN,36.19594100,-94.18410800,QualiPoc_083101,T-Mobile,5G NR,5G NR,5G NR,8.8.8.8,ICMP,63.39,55.8,63,32,10,Ping,Completed
2025-02-25 18:08:03.072,Day2-TMO-MNO-DEF-IN,36.19594300,-94.18370600,QualiPoc_083101,T-Mobile,5G NR,5G NR,5G NR,8.8.8.8,ICMP,65.83,57.4,67.5,32,10,Ping,Completed
2025-02-25 18:08:43.598,Day2-TMO-MNO-DEF-IN,36.19594600,-94.18362900,QualiPoc_083101,T-Mobile,5G NR,5G NR,5G NR,8.8.8.8,ICMP,55.77,48.2,57,32,10,Ping,Completed
2025-02-25 18:09:24.168,Day2-TMO-MNO-DEF-IN,36.19598200,-94.18351800,QualiPoc_083101,T-Mobile,5G NR,5G NR,5G NR,8.8.8.8,ICMP,60.69,54.9,59.5,32,10,Ping,Completed
2025-02-25 18:10:04.828,Day2-TMO-MNO-DEF-IN,36.19602500,-94.18352400,QualiPoc_083101,T-Mobile,5G NR,5G NR,5G NR,8.8.8.8,ICMP,66.78,61,65.5,32,10,Ping,Completed
2025-02-25 18:10:45.428,Day2-TMO-MNO-DEF-IN,36.19606900,-94.18364700,QualiPoc_083101,T-Mobile,5G NR,5G NR,5G NR,8.8.8.8,ICMP,65.67,59,65,32,10,Ping,Completed
2025-02-25 18:11:25.984,Day2-TMO-MNO-DEF-IN,36.19610200,-94.18379500,QualiPoc_083101,T-Mobile,5G NR,5G NR,5G NR,8.8.8.8,ICMP,83.05,76.6,87,32,10,Ping,Completed
2025-02-25 18:11:57.203,Day2-TMO-MNO-DEF-IN,36.19611700,-94.18388900,QualiPoc_083101,T-Mobile,5G NR,5G NR,5G NR,8.8.8.8,ICMP,96.85,54.7,81,32,10,Ping,Completed
2025-02-25 18:12:38.434,Day2-TMO-MNO-DEF-IN,36.19612400,-94.18392400,QualiPoc_083101,T-Mobile,5G NR,5G NR,5G NR,8.8.8.8,ICMP,73.24,57.6,75,32,10,Ping,Completed
2025-02-25 18:13:19.150,Day2-TMO-MNO-DEF-IN,36.19612000,-94.18382600,QualiPoc_083101,T-Mobile,5G NR,5G NR,5G NR,8.8.8.8,ICMP,73.93,67.6,72.5,32,10,Ping,Completed
2025-02-25 18:21:23.459,Day2-TMO-MNO-DEF-OUT,36.19554300,-94.18462200,QualiPoc_083101,T-Mobile,5G NR,5G NR,5G NR,8.8.8.8,ICMP,67.4,58.7,69,32,10,Ping,Completed
2025-02-25 18:22:04.046,Day2-TMO-MNO-DEF-OUT,36.19552100,-94.18392500,QualiPoc_083101,T-Mobile,5G NR,5G NR,5G NR,8.8.8.8,ICMP,58.9,51.7,56.5,32,10,Ping,Completed
2025-02-25 18:22:44.660,Day2-TMO-MNO-DEF-OUT,36.19551800,-94.18335100,QualiPoc_083101,T-Mobile,5G NR,5G NR,5G NR,8.8.8.8,ICMP,64.36,57.9,64.5,32,10,Ping,Completed
2025-02-25 18:23:25.433,Day2-TMO-MNO-DEF-OUT,36.19569200,-94.18288700,QualiPoc_083101,T-Mobile,5G NR,5G NR,5G NR,8.8.8.8,ICMP,85.433,58.4,62,32,10,Ping,Failed
2025-02-25 18:24:07.188,Day2-TMO-MNO-DEF-OUT,36.19554200,-94.18314700,QualiPoc_083101,T-Mobile,5G NR,5G NR,5G NR,8.8.8.8,ICMP,60.93,51.5,62.5,32,10,Ping,Completed
2025-02-25 18:24:47.745,Day2-TMO-MNO-DEF-OUT,36.19555300,-94.18362100,QualiPoc_083101,T-Mobile,5G NR,5G NR,5G NR,8.8.8.8,ICMP,82.433,48.2,63,32,10,Ping,Failed
2025-02-25 18:25:29.217,Day2-TMO-MNO-DEF-OUT,36.19556000,-94.18403600,QualiPoc_083101,T-Mobile,5G NR,5G NR,5G NR,8.8.8.8,ICMP,62.4,50.4,65.5,32,10,Ping,Completed
2025-02-25 18:26:09.639,Day2-TMO-MNO-DEF-OUT,36.19556900,-94.18462400,QualiPoc_083101,T-Mobile,5G NR,5G NR,5G NR,8.8.8.8,ICMP,60.71,55.9,60.5,32,10,Ping,Completed
2025-02-25 18:26:50.240,Day2-TMO-MNO-DEF-OUT,36.19538300,-94.18509900,QualiPoc_083101,T-Mobile,5G NR,5G NR,5G NR,8.8.8.8,ICMP,57.84,49.8,58,32,10,Ping,Completed
2025-02-25 18:27:30.767,Day2-TMO-MNO-DEF-OUT,36.19503800,-94.18517800,QualiPoc_083101,T-Mobile,5G NR,5G NR,5G NR,8.8.8.8,ICMP,76.85,52,82.5,32,10,Ping,Completed
2025-02-25 18:28:11.492,Day2-TMO-MNO-DEF-OUT,36.19457100,-94.18509400,QualiPoc_083101,T-Mobile,5G NR,5G NR,5G NR,8.8.8.8,ICMP,79.31,63.9,83,32,10,Ping,Completed
2025-02-25 18:28:52.094,Day2-TMO-MNO-DEF-OUT,36.19445100,-94.18427700,QualiPoc_083101,T-Mobile,5G NR,5G NR,5G NR,8.8.8.8,ICMP,59.3,52.2,60,32,10,Ping,Completed
2025-02-25 18:29:32.727,Day2-TMO-MNO-DEF-OUT,36.19512100,-94.18414700,QualiPoc_083101,T-Mobile,5G NR,5G NR,5G NR,8.8.8.8,ICMP,62.98,55.2,62.5,32,10,Ping,Completed
2025-02-25 18:30:13.246,Day2-TMO-MNO-DEF-OUT,36.19552300,-94.18367000,QualiPoc_083101,T-Mobile,5G NR,5G NR,5G NR,8.8.8.8,ICMP,60.05,56.1,60.5,32,10,Ping,Completed
2025-02-25 18:30:44.501,Day2-TMO-MNO-DEF-OUT,36.19538900,-94.18296500,QualiPoc_083101,T-Mobile,5G NR,5G NR,5G NR,8.8.8.8,ICMP,57.52,44,58.5,32,10,Ping,Completed
2025-02-25 18:31:25.151,Day2-TMO-MNO-DEF-OUT,36.19463000,-94.18329200,QualiPoc_083101,T-Mobile,5G NR,5G NR,5G NR,8.8.8.8,ICMP,81.078,54.4,59,32,10,Ping,Failed
2025-02-25 18:32:06.644,Day2-TMO-MNO-DEF-OUT,36.19449800,-94.18415100,QualiPoc_083101,T-Mobile,5G NR,5G NR,5G NR,8.8.8.8,ICMP,62.17,52.7,63.5,32,10,Ping,Completed
2025-02-25 18:32:47.205,Day2-TMO-MNO-DEF-OUT,36.19497200,-94.18464900,QualiPoc_083101,T-Mobile,5G NR,5G NR,5G NR,8.8.8.8,ICMP,61.625,49.1,67,32,10,Ping,System Release
2025-02-25 18:34:55.701,Day2-TMO-MNO-4G-OUT,36.19554700,-94.18465700,QualiPoc_083101,T-Mobile,LTE,LTE,LTE,8.8.8.8,ICMP,62.13,48.8,64.5,32,10,Ping,Completed
2025-02-25 18:35:36.361,Day2-TMO-MNO-4G-OUT,36.19551100,-94.18390400,QualiPoc_083101,T-Mobile,LTE,LTE,LTE,8.8.8.8,ICMP,142.23,49.2,61,32,10,Ping,Completed
2025-02-25 18:36:16.952,Day2-TMO-MNO-4G-OUT,36.19551100,-94.18325400,QualiPoc_083101,T-Mobile,LTE,LTE,LTE,8.8.8.8,ICMP,89.689,51.2,57,32,10,Ping,Failed
2025-02-25 18:36:58.424,Day2-TMO-MNO-4G-OUT,36.19567900,-94.18286200,QualiPoc_083101,T-Mobile,LTE,LTE,LTE,8.8.8.8,ICMP,56.66,49.6,54,32,10,Ping,Completed
2025-02-25 18:37:38.977,Day2-TMO-MNO-4G-OUT,36.19555000,-94.18337800,QualiPoc_083101,T-Mobile,LTE,LTE,LTE,8.8.8.8,ICMP,77.62,44.9,63,32,10,Ping,Completed
2025-02-25 18:38:19.431,Day2-TMO-MNO-4G-OUT,36.19557000,-94.18386500,QualiPoc_083101,T-Mobile,LTE,LTE,LTE,8.8.8.8,ICMP,57.13,46.8,58.5,32,10,Ping,Completed
2025-02-25 18:38:59.919,Day2-TMO-MNO-4G-OUT,36.19558200,-94.18453600,QualiPoc_083101,T-Mobile,LTE,LTE,LTE,8.8.8.8,ICMP,48.68,42.9,50,32,10,Ping,Completed
2025-02-25 18:39:40.429,Day2-TMO-MNO-4G-OUT,36.19535500,-94.18511100,QualiPoc_083101,T-Mobile,LTE,LTE,LTE,8.8.8.8,ICMP,51.43,45.6,51.5,32,10,Ping,Completed
2025-02-25 18:40:20.813,Day2-TMO-MNO-4G-OUT,36.19512600,-94.18516300,QualiPoc_083101,T-Mobile,LTE,LTE,LTE,8.8.8.8,ICMP,49.12,42.9,46.5,32,10,Ping,Completed
2025-02-25 18:41:01.426,Day2-TMO-MNO-4G-OUT,36.19455100,-94.18513000,QualiPoc_083101,T-Mobile,LTE,LTE,LTE,8.8.8.8,ICMP,77.922,47.4,54,32,10,Ping,Failed
2025-02-25 18:41:43.123,Day2-TMO-MNO-4G-OUT,36.19445400,-94.18418400,QualiPoc_083101,T-Mobile,LTE,LTE,LTE,8.8.8.8,ICMP,77.92,46.7,51,32,10,Ping,Completed
2025-02-25 18:42:23.751,Day2-TMO-MNO-4G-OUT,36.19518100,-94.18392200,QualiPoc_083101,T-Mobile,LTE,LTE,LTE,8.8.8.8,ICMP,60.7,51.8,59.5,32,10,Ping,Completed
2025-02-25 18:43:04.292,Day2-TMO-MNO-4G-OUT,36.19552400,-94.18353500,QualiPoc_083101,T-Mobile,LTE,LTE,LTE,8.8.8.8,ICMP,53.43,47.8,51,32,10,Ping,Completed
2025-02-25 18:43:44.746,Day2-TMO-MNO-4G-OUT,36.19501100,-94.18330600,QualiPoc_083101,T-Mobile,LTE,LTE,LTE,8.8.8.8,ICMP,51.12,43.9,51,32,10,Ping,Completed
2025-02-25 18:44:16.820,Day2-TMO-MNO-4G-OUT,36.19466200,-94.18310700,QualiPoc_083101,T-Mobile,LTE,LTE,LTE,8.8.8.8,ICMP,68.11,45.9,52.5,32,10,Ping,Completed
2025-02-25 18:44:57.429,Day2-TMO-MNO-4G-OUT,36.19453500,-94.18399900,QualiPoc_083101,T-Mobile,LTE,LTE,LTE,8.8.8.8,ICMP,102.22,48.8,57,32,10,Ping,Completed
2025-02-25 18:45:38.064,Day2-TMO-MNO-4G-OUT,36.19484200,-94.18447400,QualiPoc_083101,T-Mobile,LTE,LTE,LTE,8.8.8.8,ICMP,132.53,45.8,51.5,32,10,Ping,Completed
2025-02-25 18:54:17.322,Day2-VZN-MNO-DEF-OUT,36.19517900,-94.18451900,QualiPoc_083101,Verizon,LTE,LTE-5G NR,LTE-5G NR,8.8.8.8,ICMP,56.59,52,57,32,10,Ping,Completed
2025-02-25 18:54:57.782,Day2-VZN-MNO-DEF-OUT,36.19552800,-94.18428100,QualiPoc_083101,Verizon,LTE,LTE-5G NR,LTE-5G NR,8.8.8.8,ICMP,60.18,54,58.5,32,10,Ping,Completed
2025-02-25 18:55:38.339,Day2-VZN-MNO-DEF-OUT,36.19552300,-94.18356400,QualiPoc_083101,Verizon,LTE,LTE-5G NR,LTE-5G NR,8.8.8.8,ICMP,159.26,51,56,32,10,Ping,Completed
2025-02-25 18:56:18.980,Day2-VZN-MNO-DEF-OUT,36.19567400,-94.18286300,QualiPoc_083101,Verizon,LTE,LTE-5G NR,LTE-5G NR,8.8.8.8,ICMP,166.39,52.5,58.5,32,10,Ping,Completed
2025-02-25 18:56:59.623,Day2-VZN-MNO-DEF-OUT,36.19556700,-94.18318300,QualiPoc_083101,Verizon,LTE,LTE,LTE/LTE-5G NR,8.8.8.8,ICMP,57.77,48.9,57,32,10,Ping,Completed
2025-02-25 18:56:59.623,Day2-VZN-MNO-DEF-OUT,36.19556700,-94.18318300,QualiPoc_083101,Verizon,LTE,LTE-5G NR,LTE/LTE-5G NR,8.8.8.8,ICMP,57.77,48.9,57,32,10,Ping,Completed
2025-02-25 18:57:39.902,Day2-VZN-MNO-DEF-OUT,36.19558000,-94.18382900,QualiPoc_083101,Verizon,LTE,LTE-5G NR,LTE-5G NR,8.8.8.8,ICMP,64.08,57.8,63.5,32,10,Ping,Completed
2025-02-25 18:58:20.548,Day2-VZN-MNO-DEF-OUT,36.19559500,-94.18442400,QualiPoc_083101,Verizon,LTE,LTE-5G NR,LTE-5G NR,8.8.8.8,ICMP,72.9,56.9,61,32,10,Ping,Completed
2025-02-25 18:59:01.094,Day2-VZN-MNO-DEF-OUT,36.19552600,-94.18507700,QualiPoc_083101,Verizon,LTE,LTE-5G NR,LTE-5G NR,8.8.8.8,ICMP,61.3,54.9,60.5,32,10,Ping,Completed
2025-02-25 18:59:42.032,Day2-VZN-MNO-DEF-OUT,36.19492100,-94.18511000,QualiPoc_083101,Verizon,LTE,LTE-5G NR,LTE-5G NR,8.8.8.8,ICMP,131.48,65.5,135,32,10,Ping,Completed
2025-02-25 19:00:23.032,Day2-VZN-MNO-DEF-OUT,36.19443600,-94.18451300,QualiPoc_083101,Verizon,LTE,LTE-5G NR,LTE-5G NR,8.8.8.8,ICMP,149.28,91.5,148.5,32,10,Ping,Completed
2025-02-25 19:01:03.741,Day2-VZN-MNO-DEF-OUT,36.19495900,-94.18392200,QualiPoc_083101,Verizon,LTE,LTE-5G NR,LTE-5G NR,8.8.8.8,ICMP,61.5,57.9,61,32,10,Ping,Completed
2025-02-25 19:01:44.114,Day2-VZN-MNO-DEF-OUT,36.19554000,-94.18380400,QualiPoc_083101,Verizon,LTE,LTE-5G NR,LTE-5G NR,8.8.8.8,ICMP,59.16,53,60,32,10,Ping,Completed
2025-02-25 19:02:24.776,Day2-VZN-MNO-DEF-OUT,36.19512000,-94.18337000,QualiPoc_083101,Verizon,LTE,LTE-5G NR,LTE-5G NR,8.8.8.8,ICMP,63.02,58.7,62.5,32,10,Ping,Completed
2025-02-25 19:03:05.218,Day2-VZN-MNO-DEF-OUT,36.19463100,-94.18320300,QualiPoc_083101,Verizon,LTE,LTE-5G NR,LTE-5G NR,8.8.8.8,ICMP,52.9,49.8,52,32,10,Ping,Completed
2025-02-25 19:03:45.942,Day2-VZN-MNO-DEF-OUT,36.19448100,-94.18407300,QualiPoc_083101,Verizon,LTE,LTE-5G NR,LTE-5G NR,8.8.8.8,ICMP,66.26,59,66.5,32,10,Ping,Completed
2025-02-25 19:04:26.946,Day2-VZN-MNO-DEF-OUT,36.19494700,-94.18458400,QualiPoc_083101,Verizon,LTE,LTE-5G NR,LTE-5G NR,8.8.8.8,ICMP,72.444,57.8,65,32,10,Ping,System Release
2025-02-25 19:06:38.527,Day2-VZN-MNO-4G-OUT,36.19494000,-94.18456300,QualiPoc_083101,Verizon,LTE,LTE,LTE,8.8.8.8,ICMP,54.31,47.9,53,32,10,Ping,Completed
2025-02-25 19:07:18.919,Day2-VZN-MNO-4G-OUT,36.19546300,-94.18449700,QualiPoc_083101,Verizon,LTE,LTE,LTE,8.8.8.8,ICMP,57.05,45.5,56.5,32,10,Ping,Completed
2025-02-25 19:07:50.142,Day2-VZN-MNO-4G-OUT,36.19550900,-94.18413500,QualiPoc_083101,Verizon,LTE,LTE,LTE,8.8.8.8,ICMP,55.84,42.9,57.5,32,10,Ping,Completed
2025-02-25 19:08:31.031,Day2-VZN-MNO-4G-OUT,36.19550600,-94.18344600,QualiPoc_083101,Verizon,LTE,LTE,LTE,8.8.8.8,ICMP,56.61,47.8,57.5,32,10,Ping,Completed
2025-02-25 19:09:11.594,Day2-VZN-MNO-4G-OUT,36.19569000,-94.18286600,QualiPoc_083101,Verizon,LTE,LTE,LTE,8.8.8.8,ICMP,59.55,51.8,59.5,32,10,Ping,Completed
2025-02-25 19:09:52.163,Day2-VZN-MNO-4G-OUT,36.19555800,-94.18317900,QualiPoc_083101,Verizon,LTE,LTE,LTE,8.8.8.8,ICMP,57.5,47.7,55.5,32,10,Ping,Completed
2025-02-25 19:10:23.442,Day2-VZN-MNO-4G-OUT,36.19558900,-94.18370900,QualiPoc_083101,Verizon,LTE,LTE,LTE,8.8.8.8,ICMP,74.83,43,48.5,32,10,Ping,Completed
2025-02-25 19:10:54.715,Day2-VZN-MNO-4G-OUT,36.19558600,-94.18427100,QualiPoc_083101,Verizon,LTE,LTE,LTE,8.8.8.8,ICMP,62.06,43.9,50.5,32,10,Ping,Completed
2025-02-25 19:11:35.108,Day2-VZN-MNO-4G-OUT,36.19558900,-94.18490700,QualiPoc_083101,Verizon,LTE,LTE,LTE,8.8.8.8,ICMP,56.69,50.4,55.5,32,10,Ping,Completed
2025-02-25 19:12:15.690,Day2-VZN-MNO-4G-OUT,36.19511400,-94.18510600,QualiPoc_083101,Verizon,LTE,LTE,LTE,8.8.8.8,ICMP,58.11,48.6,56,32,10,Ping,Completed
2025-02-25 19:12:56.203,Day2-VZN-MNO-4G-OUT,36.19447800,-94.18506500,QualiPoc_083101,Verizon,LTE,LTE,LTE,8.8.8.8,ICMP,54.65,48.9,54.5,32,10,Ping,Completed
2025-02-25 19:13:36.657,Day2-VZN-MNO-4G-OUT,36.19473400,-94.18414000,QualiPoc_083101,Verizon,LTE,LTE,LTE,8.8.8.8,ICMP,79.99,46.7,57,32,10,Ping,Completed
2025-02-25 19:14:17.125,Day2-VZN-MNO-4G-OUT,36.19548300,-94.18413800,QualiPoc_083101,Verizon,LTE,LTE,LTE,8.8.8.8,ICMP,55.67,44.9,54,32,10,Ping,Completed
2025-02-25 19:14:57.753,Day2-VZN-MNO-4G-OUT,36.19552300,-94.18351500,QualiPoc_083101,Verizon,LTE,LTE,LTE,8.8.8.8,ICMP,54.83,46,56,32,10,Ping,Completed
2025-02-25 19:15:38.310,Day2-VZN-MNO-4G-OUT,36.19489500,-94.18310400,QualiPoc_083101,Verizon,LTE,LTE,LTE,8.8.8.8,ICMP,48.99,44.8,46.5,32,10,Ping,Completed
2025-02-25 19:16:18.700,Day2-VZN-MNO-4G-OUT,36.19464000,-94.18371800,QualiPoc_083101,Verizon,LTE,LTE,LTE,8.8.8.8,ICMP,50.18,43,50,32,10,Ping,Completed
2025-02-25 19:16:59.193,Day2-VZN-MNO-4G-OUT,36.19472200,-94.18427400,QualiPoc_083101,Verizon,LTE,LTE,LTE,8.8.8.8,ICMP,56.98,48,52,32,10,Ping,Completed
2025-02-25 19:22:11.738,Day2-VZN-MNO-4G-IN,36.19595000,-94.18454700,QualiPoc_083101,Verizon,LTE,LTE,LTE,8.8.8.8,ICMP,381.76,50.5,55,32,10,Ping,Completed
2025-02-25 19:22:34.432,Day2-VZN-MNO-4G-IN,36.19625100,-94.18441800,QualiPoc_083101,Verizon,LTE,LTE,LTE,8.8.8.8,ICMP,79.24,66.6,77,32,10,Ping,Completed
2025-02-25 19:22:56.333,Day2-VZN-MNO-4G-IN,36.19630300,-94.18444500,QualiPoc_083101,Verizon,LTE,LTE,LTE,8.8.8.8,ICMP,86.41,68.6,72.5,32,10,Ping,Completed
2025-02-25 19:23:18.233,Day2-VZN-MNO-4G-IN,36.19631700,-94.18451600,QualiPoc_083101,Verizon,LTE,LTE,LTE,8.8.8.8,ICMP,121.65,72.9,81,32,10,Ping,Completed
2025-02-25 19:23:40.131,Day2-VZN-MNO-4G-IN,36.19637400,-94.18462400,QualiPoc_083101,Verizon,LTE,LTE,LTE,8.8.8.8,ICMP,71.27,67,70,32,10,Ping,Completed
2025-02-25 19:24:21.165,Day2-VZN-MNO-4G-IN,36.19614100,-94.18480000,QualiPoc_083101,Verizon,LTE,LTE,LTE,8.8.8.8,ICMP,62.67,47.8,63,32,10,Ping,Completed
2025-02-25 19:25:01.804,Day2-VZN-MNO-4G-IN,36.19593000,-94.18443900,QualiPoc_083101,Verizon,LTE,LTE,LTE,8.8.8.8,ICMP,55.21,47.7,51.5,32,10,Ping,Completed
2025-02-25 19:25:42.451,Day2-VZN-MNO-4G-IN,36.19590800,-94.18409700,QualiPoc_083101,Verizon,LTE,LTE,LTE,8.8.8.8,ICMP,55.86,51.8,56,32,10,Ping,Completed
2025-02-25 19:26:22.985,Day2-VZN-MNO-4G-IN,36.19592800,-94.18346400,QualiPoc_083101,Verizon,LTE,LTE,LTE,8.8.8.8,ICMP,60.91,55.6,59.5,32,10,Ping,Completed
2025-02-25 19:26:54.113,Day2-VZN-MNO-4G-IN,36.19600600,-94.18339700,QualiPoc_083101,Verizon,LTE,LTE,LTE,8.8.8.8,ICMP,75.31,57.9,70.5,32,10,Ping,Completed
2025-02-25 19:27:34.886,Day2-VZN-MNO-4G-IN,36.19625200,-94.18334400,QualiPoc_083101,Verizon,LTE,LTE,LTE,8.8.8.8,ICMP,66.15,60.2,62,32,10,Ping,Completed
2025-02-25 19:28:06.195,Day2-VZN-MNO-4G-IN,36.19636600,-94.18374100,QualiPoc_083101,Verizon,LTE,LTE,LTE,8.8.8.8,ICMP,55.63,45.8,56,32,10,Ping,Completed
2025-02-25 19:28:46.810,Day2-VZN-MNO-4G-IN,36.19638900,-94.18411600,QualiPoc_083101,Verizon,LTE,LTE,LTE,8.8.8.8,ICMP,61.12,54.9,59.5,32,10,Ping,Completed
2025-02-25 19:29:27.775,Day2-VZN-MNO-4G-IN,36.19643600,-94.18457100,QualiPoc_083101,Verizon,LTE,LTE,LTE,8.8.8.8,ICMP,61.21,45.8,60.5,32,10,Ping,Completed
2025-02-25 19:30:08.777,Day2-VZN-MNO-4G-IN,36.19639400,-94.18454300,QualiPoc_083101,Verizon,LTE,LTE,LTE,8.8.8.8,ICMP,57.42,44.8,53.5,32,10,Ping,Completed
2025-02-25 19:30:50.421,Day2-VZN-MNO-4G-IN,36.19625400,-94.18420400,QualiPoc_083101,Verizon,LTE,LTE,LTE,8.8.8.8,ICMP,54.78,42.9,54.5,32,10,Ping,Completed
2025-02-25 19:31:31.488,Day2-VZN-MNO-4G-IN,36.19623600,-94.18373000,QualiPoc_083101,Verizon,LTE,LTE,LTE,8.8.8.8,ICMP,67.44,61.8,65,32,10,Ping,Completed
2025-02-25 19:32:12.570,Day2-VZN-MNO-4G-IN,36.19622600,-94.18340800,QualiPoc_083101,Verizon,LTE,LTE,LTE,8.8.8.8,ICMP,69.829,63.6,67,32,10,Ping,System Release
2025-02-25 19:39:39.265,Day2-VZN-MNO-DEF-IN,36.19587000,-94.18445700,QualiPoc_083101,Verizon,LTE,LTE-5G NR,LTE-5G NR,8.8.8.8,ICMP,160.5,51,57.5,32,10,Ping,Completed
2025-02-25 19:40:10.632,Day2-VZN-MNO-DEF-IN,36.19614200,-94.18453000,QualiPoc_083101,Verizon,LTE,LTE,LTE,8.8.8.8,ICMP,61.77,54.8,62,32,10,Ping,Completed
2025-02-25 19:40:51.281,Day2-VZN-MNO-DEF-IN,36.19637000,-94.18449700,QualiPoc_083101,Verizon,LTE,LTE,LTE/LTE-5G NR,8.8.8.8,ICMP,132.85,69.1,81.5,32,10,Ping,Completed
2025-02-25 19:40:51.281,Day2-VZN-MNO-DEF-IN,36.19637000,-94.18449700,QualiPoc_083101,Verizon,LTE,LTE-5G NR,LTE/LTE-5G NR,8.8.8.8,ICMP,132.85,69.1,81.5,32,10,Ping,Completed
2025-02-25 19:41:22.682,Day2-VZN-MNO-DEF-IN,36.19641000,-94.18471700,QualiPoc_083101,Verizon,LTE,LTE,LTE/LTE-5G NR,8.8.8.8,ICMP,234.9,77.2,155,32,10,Ping,Failed
2025-02-25 19:41:22.682,Day2-VZN-MNO-DEF-IN,36.19641000,-94.18471700,QualiPoc_083101,Verizon,LTE,LTE-5G NR,LTE/LTE-5G NR,8.8.8.8,ICMP,234.9,77.2,155,32,10,Ping,Failed
2025-02-25 19:41:46.319,Day2-VZN-MNO-DEF-IN,36.19632400,-94.18479600,QualiPoc_083101,Verizon,LTE,LTE,LTE,8.8.8.8,ICMP,96.35,61,63.5,32,10,Ping,Completed
2025-02-25 19:42:27.574,Day2-VZN-MNO-DEF-IN,36.19595600,-94.18488100,QualiPoc_083101,Verizon,LTE,LTE-5G NR,LTE-5G NR,8.8.8.8,ICMP,149.27,87.5,146.5,32,10,Ping,Completed
2025-02-25 19:43:08.248,Day2-VZN-MNO-DEF-IN,36.19591100,-94.18456200,QualiPoc_083101,Verizon,LTE,LTE-5G NR,LTE-5G NR,8.8.8.8,ICMP,58.97,56.1,59.5,32,10,Ping,Completed
2025-02-25 19:43:48.754,Day2-VZN-MNO-DEF-IN,36.19589000,-94.18410800,QualiPoc_083101,Verizon,LTE,LTE-5G NR,LTE-5G NR,8.8.8.8,ICMP,62.51,55.9,63,32,10,Ping,Completed
2025-02-25 19:44:29.386,Day2-VZN-MNO-DEF-IN,36.19589400,-94.18362900,QualiPoc_083101,Verizon,LTE,LTE-5G NR,LTE-5G NR,8.8.8.8,ICMP,58.46,52,57.5,32,10,Ping,Completed
2025-02-25 19:45:10.018,Day2-VZN-MNO-DEF-IN,36.19594500,-94.18334400,QualiPoc_083101,Verizon,LTE,LTE-5G NR,LTE-5G NR,8.8.8.8,ICMP,63.77,58.9,64,32,10,Ping,Completed
2025-02-25 19:45:41.474,Day2-VZN-MNO-DEF-IN,36.19594900,-94.18334400,QualiPoc_083101,Verizon,LTE,LTE-5G NR,LTE-5G NR,8.8.8.8,ICMP,246.44,80.4,156,32,10,Ping,Completed
2025-02-25 19:46:12.829,Day2-VZN-MNO-DEF-IN,36.19601400,-94.18333300,QualiPoc_083101,Verizon,LTE,LTE-5G NR,LTE-5G NR,8.8.8.8,ICMP,131.1,70.9,130,32,10,Ping,Completed
2025-02-25 19:46:54.209,Day2-VZN-MNO-DEF-IN,36.19606000,-94.18335400,QualiPoc_083101,Verizon,LTE,LTE-5G NR,LTE-5G NR,8.8.8.8,ICMP,149.59,90.6,150,32,10,Ping,Completed
2025-02-25 19:47:35.486,Day2-VZN-MNO-DEF-IN,36.19611100,-94.18341000,QualiPoc_083101,Verizon,LTE,LTE-5G NR,LTE-5G NR,8.8.8.8,ICMP,137.66,80,130,32,10,Ping,Completed
2025-02-25 19:47:57.510,Day2-VZN-MNO-DEF-IN,36.19611600,-94.18344600,QualiPoc_083101,Verizon,LTE,LTE-5G NR,LTE-5G NR,8.8.8.8,ICMP,81.97,62.4,71.5,32,10,Ping,Completed
2025-02-25 19:48:29.085,Day2-VZN-MNO-DEF-IN,36.19615900,-94.18356900,QualiPoc_083101,Verizon,LTE,LTE,LTE/LTE-5G NR,8.8.8.8,ICMP,329.6,78.1,199.5,32,10,Ping,Completed
2025-02-25 19:48:29.085,Day2-VZN-MNO-DEF-IN,36.19615900,-94.18356900,QualiPoc_083101,Verizon,LTE,LTE-5G NR,LTE/LTE-5G NR,8.8.8.8,ICMP,329.6,78.1,199.5,32,10,Ping,Completed
2025-02-25 19:49:10.119,Day2-VZN-MNO-DEF-IN,36.19622500,-94.18384800,QualiPoc_083101,Verizon,LTE,LTE,LTE/LTE-5G NR,8.8.8.8,ICMP,116.51,58.9,68,32,10,Ping,Completed
2025-02-25 19:49:10.119,Day2-VZN-MNO-DEF-IN,36.19622500,-94.18384800,QualiPoc_083101,Verizon,LTE,LTE-5G NR,LTE/LTE-5G NR,8.8.8.8,ICMP,116.51,58.9,68,32,10,Ping,Completed
2025-02-25 19:49:50.865,Day2-VZN-MNO-DEF-IN,36.19623200,-94.18389800,QualiPoc_083101,Verizon,LTE,LTE,LTE/LTE-5G NR,8.8.8.8,ICMP,57.46,49.9,56,32,10,Ping,Completed
2025-02-25 19:49:50.865,Day2-VZN-MNO-DEF-IN,36.19623200,-94.18389800,QualiPoc_083101,Verizon,LTE,LTE-5G NR,LTE/LTE-5G NR,8.8.8.8,ICMP,57.46,49.9,56,32,10,Ping,Completed
2025-02-25 19:50:31.702,Day2-VZN-MNO-DEF-IN,36.19623000,-94.18388800,QualiPoc_083101,Verizon,LTE,LTE-5G NR,LTE-5G NR,8.8.8.8,ICMP,59.4,54.8,57.5,32,10,Ping,Completed
2025-02-25 19:51:02.848,Day2-VZN-MNO-DEF-IN,36.19623000,-94.18388700,QualiPoc_083101,Verizon,LTE,LTE-5G NR,LTE-5G NR,8.8.8.8,ICMP,133.98,91.9,137,32,10,Ping,Completed
2025-02-25 19:51:43.647,Day2-VZN-MNO-DEF-IN,36.19616100,-94.18346700,QualiPoc_083101,Verizon,LTE,LTE-5G NR,LTE-5G NR,8.8.8.8,ICMP,203.944,96.8,178,32,10,Ping,System Release
2025-02-25 21:47:49.931,Day2-VZN-MNO-DEF-OUTER,36.19464400,-94.18387900,QualiPoc_083101,Verizon,LTE,LTE-5G NR,LTE-5G NR,8.8.8.8,ICMP,56.41,54,56,32,10,Ping,Completed
2025-02-25 21:48:30.406,Day2-VZN-MNO-DEF-OUTER,36.19449400,-94.18503800,QualiPoc_083101,Verizon,LTE,LTE-5G NR,LTE-5G NR,8.8.8.8,ICMP,95.26,50.9,56.5,32,10,Ping,Completed
2025-02-25 21:49:11.723,Day2-VZN-MNO-DEF-OUTER,36.19352700,-94.18696100,QualiPoc_083101,Verizon,LTE,LTE-5G NR,LTE-5G NR,8.8.8.8,ICMP,57.07,52,56,32,10,Ping,Completed
2025-02-25 21:49:52.248,Day2-VZN-MNO-DEF-OUTER,36.19376000,-94.19202400,QualiPoc_083101,Verizon,LTE,LTE,LTE,8.8.8.8,ICMP,55.48,50,53,32,10,Ping,Completed
2025-02-25 21:50:32.587,Day2-VZN-MNO-DEF-OUTER,36.19376900,-94.19254800,QualiPoc_083101,Verizon,LTE,LTE-5G NR,LTE-5G NR,8.8.8.8,ICMP,56.83,53.8,56,32,10,Ping,Completed
2025-02-25 21:51:13.122,Day2-VZN-MNO-DEF-OUTER,36.19349400,-94.18996400,QualiPoc_083101,Verizon,LTE,LTE-5G NR,LTE-5G NR,8.8.8.8,ICMP,102.72,50.8,67,32,10,Ping,Completed
2025-02-25 21:51:53.611,Day2-VZN-MNO-DEF-OUTER,36.19334900,-94.18433500,QualiPoc_083101,Verizon,LTE,LTE-5G NR,LTE-5G NR,8.8.8.8,ICMP,107.48,53.4,58,32,10,Ping,Completed
2025-02-25 21:52:34.221,Day2-VZN-MNO-DEF-OUTER,36.19326300,-94.18022300,QualiPoc_083101,Verizon,LTE,LTE-5G NR,LTE-5G NR,8.8.8.8,ICMP,70.77,54.6,60,32,10,Ping,Completed
2025-02-25 21:53:14.748,Day2-VZN-MNO-DEF-OUTER,36.19314500,-94.17586100,QualiPoc_083101,Verizon,LTE,LTE-5G NR,LTE-5G NR,8.8.8.8,ICMP,62.54,55,62,32,10,Ping,Completed
2025-02-25 21:53:55.101,Day2-VZN-MNO-DEF-OUTER,36.19329700,-94.17217700,QualiPoc_083101,Verizon,LTE,LTE-5G NR,LTE-5G NR,8.8.8.8,ICMP,62.03,58.7,61.5,32,10,Ping,Completed
2025-02-25 21:54:35.599,Day2-VZN-MNO-DEF-OUTER,36.19447600,-94.17382400,QualiPoc_083101,Verizon,LTE,LTE-5G NR,LTE-5G NR,8.8.8.8,ICMP,59.78,55.9,61.5,32,10,Ping,Completed
2025-02-25 21:55:16.037,Day2-VZN-MNO-DEF-OUTER,36.19603100,-94.17422100,QualiPoc_083101,Verizon,LTE,LTE-5G NR,LTE-5G NR,8.8.8.8,ICMP,60.75,56.8,60.5,32,10,Ping,Completed
2025-02-25 21:55:56.616,Day2-VZN-MNO-DEF-OUTER,36.19323400,-94.17485900,QualiPoc_083101,Verizon,LTE,LTE-5G NR,LTE-5G NR,8.8.8.8,ICMP,58.16,56,58,32,10,Ping,Completed
2025-02-25 21:56:37.097,Day2-VZN-MNO-DEF-OUTER,36.19345700,-94.18210000,QualiPoc_083101,Verizon,LTE,LTE,LTE/LTE-5G NR,8.8.8.8,ICMP,72.73,44.8,49,32,10,Ping,Completed
2025-02-25 21:56:37.097,Day2-VZN-MNO-DEF-OUTER,36.19345700,-94.18210000,QualiPoc_083101,Verizon,LTE,LTE-5G NR,LTE/LTE-5G NR,8.8.8.8,ICMP,72.73,44.8,49,32,10,Ping,Completed
2025-02-25 21:57:17.550,Day2-VZN-MNO-DEF-OUTER,36.19463400,-94.18397200,QualiPoc_083101,Verizon,LTE,LTE-5G NR,LTE-5G NR,8.8.8.8,ICMP,57.24,54.9,57,32,10,Ping,Completed
2025-02-25 22:01:53.789,Day2-TMO-MNO-DEF-OUTER,36.19449600,-94.18513700,QualiPoc_083101,T-Mobile,5G NR,5G NR,5G NR,8.8.8.8,ICMP,77.92,44,59,32,10,Ping,Completed
2025-02-25 22:02:34.406,Day2-TMO-MNO-DEF-OUTER,36.19353600,-94.18724300,QualiPoc_083101,T-Mobile,5G NR,5G NR,5G NR,8.8.8.8,ICMP,60.58,54.5,59.5,32,10,Ping,Completed
2025-02-25 22:03:14.974,Day2-TMO-MNO-DEF-OUTER,36.19375700,-94.19257000,QualiPoc_083101,T-Mobile,5G NR,5G NR,5G NR,8.8.8.8,ICMP,68.91,61.5,68,32,10,Ping,Completed
2025-02-25 22:03:46.110,Day2-TMO-MNO-DEF-OUTER,36.19349200,-94.18973900,QualiPoc_083101,T-Mobile,5G NR,5G NR,5G NR,8.8.8.8,ICMP,69.44,58.7,72,32,10,Ping,Completed
2025-02-25 22:04:26.533,Day2-TMO-MNO-DEF-OUTER,36.19337400,-94.18423600,QualiPoc_083101,T-Mobile,5G NR,5G NR,5G NR,8.8.8.8,ICMP,59.29,51.7,61,32,10,Ping,Completed
2025-02-25 22:05:06.978,Day2-TMO-MNO-DEF-OUTER,36.19331700,-94.18199000,QualiPoc_083101,T-Mobile,5G NR,5G NR,5G NR,8.8.8.8,ICMP,59.34,52.1,58.5,32,10,Ping,Completed
2025-02-25 22:05:47.520,Day2-TMO-MNO-DEF-OUTER,36.19323700,-94.17853400,QualiPoc_083101,T-Mobile,5G NR,5G NR,5G NR,8.8.8.8,ICMP,57.87,50.1,60,32,10,Ping,Completed
2025-02-25 22:06:18.714,Day2-TMO-MNO-DEF-OUTER,36.19310500,-94.17368700,QualiPoc_083101,T-Mobile,5G NR,5G NR,5G NR,8.8.8.8,ICMP,55.55,48.5,55.5,32,10,Ping,Completed
2025-02-25 22:06:59.201,Day2-TMO-MNO-DEF-OUTER,36.19445100,-94.17296000,QualiPoc_083101,T-Mobile,5G NR,5G NR,5G NR,8.8.8.8,ICMP,55.72,45.9,55.5,32,10,Ping,Completed
2025-02-25 22:07:39.623,Day2-TMO-MNO-DEF-OUTER,36.19334600,-94.17434500,QualiPoc_083101,T-Mobile,5G NR,5G NR,5G NR,8.8.8.8,ICMP,55.94,46.9,55,32,10,Ping,Completed
2025-02-25 22:08:20.278,Day2-TMO-MNO-DEF-OUTER,36.19330800,-94.17749600,QualiPoc_083101,T-Mobile,5G NR,5G NR,5G NR,8.8.8.8,ICMP,60.88,48.8,63,32,10,Ping,Completed
2025-02-25 22:08:51.491,Day2-TMO-MNO-DEF-OUTER,36.19344100,-94.18116400,QualiPoc_083101,T-Mobile,5G NR,5G NR,5G NR,8.8.8.8,ICMP,55.53,45.3,57.5,32,10,Ping,Completed
2025-02-25 22:09:31.777,Day2-TMO-MNO-DEF-OUTER,36.19450500,-94.18387600,QualiPoc_083101,T-Mobile,5G NR,5G NR,5G NR,8.8.8.8,ICMP,63.76,52.9,64,32,10,Ping,Completed
2025-02-25 22:14:05.674,Day2-ATT-MNO-DEF-OUTER,36.19448200,-94.18486900,QualiPoc_083101,AT&T,LTE,LTE,LTE,8.8.8.8,ICMP,53.8,43.2,49.5,32,10,Ping,Completed
2025-02-25 22:14:46.210,Day2-ATT-MNO-DEF-OUTER,36.19350900,-94.18667100,QualiPoc_083101,AT&T,LTE,LTE,LTE,8.8.8.8,ICMP,51.84,44.8,51,32,10,Ping,Completed
2025-02-25 22:15:26.730,Day2-ATT-MNO-DEF-OUTER,36.19383600,-94.19221200,QualiPoc_083101,AT&T,LTE,LTE,LTE,8.8.8.8,ICMP,51.02,43,47.5,32,10,Ping,Completed
2025-02-25 22:16:07.264,Day2-ATT-MNO-DEF-OUTER,36.19348200,-94.18867700,QualiPoc_083101,AT&T,LTE,LTE,LTE,8.8.8.8,ICMP,49.72,41,50.5,32,10,Ping,Completed
2025-02-25 22:16:47.764,Day2-ATT-MNO-DEF-OUTER,36.19336000,-94.18348700,QualiPoc_083101,AT&T,LTE,LTE,LTE,8.8.8.8,ICMP,46.16,41.5,45,32,10,Ping,Completed
2025-02-25 22:17:28.437,Day2-ATT-MNO-DEF-OUTER,36.19332500,-94.18184500,QualiPoc_083101,AT&T,LTE,LTE,LTE,8.8.8.8,ICMP,49.38,45.7,48.5,32,10,Ping,Completed
2025-02-25 22:18:08.796,Day2-ATT-MNO-DEF-OUTER,36.19317600,-94.17597700,QualiPoc_083101,AT&T,LTE,LTE,LTE,8.8.8.8,ICMP,51.67,45.9,51.5,32,10,Ping,Completed
2025-02-25 22:18:49.226,Day2-ATT-MNO-DEF-OUTER,36.19445700,-94.17303500,QualiPoc_083101,AT&T,LTE,LTE,LTE,8.8.8.8,ICMP,49.24,42.8,47,32,10,Ping,Completed
2025-02-25 22:19:29.686,Day2-ATT-MNO-DEF-OUTER,36.19384900,-94.17429200,QualiPoc_083101,AT&T,LTE,LTE,LTE,8.8.8.8,ICMP,49.25,43.8,50.5,32,10,Ping,Completed
2025-02-25 22:20:10.130,Day2-ATT-MNO-DEF-OUTER,36.19331900,-94.17803700,QualiPoc_083101,AT&T,LTE,LTE,LTE,8.8.8.8,ICMP,49.97,45.9,49.5,32,10,Ping,Completed
2025-02-25 22:20:50.628,Day2-ATT-MNO-DEF-OUTER,36.19363800,-94.18315500,QualiPoc_083101,AT&T,LTE,LTE,LTE,8.8.8.8,ICMP,46.54,40.7,45,32,10,Ping,Completed
2025-02-25 22:21:31.103,Day2-ATT-MNO-DEF-OUTER,36.19478600,-94.18388600,QualiPoc_083101,AT&T,LTE,LTE,LTE,8.8.8.8,ICMP,63.6,64,64,32,10,Ping,System Release
2025-02-26 09:41:04.536,Day3_ATT-NH-IN-L1,36.19628700,-94.18375100,QualiPoc_083101,AT&T,LTE,LTE,LTE,8.8.8.8,ICMP,147.4,137.9,148.5,32,10,Ping,Completed
2025-02-26 09:41:45.594,Day3_ATT-NH-IN-L1,36.19628600,-94.18375500,QualiPoc_083101,AT&T,LTE,LTE CA,LTE CA,8.8.8.8,ICMP,146.9,138.8,147,32,10,Ping,Completed
2025-02-26 09:42:27.282,Day3_ATT-NH-IN-L1,36.19628300,-94.18376000,QualiPoc_083101,AT&T,LTE,LTE,LTE,8.8.8.8,ICMP,151.8,146.8,152.5,32,10,Ping,Completed
2025-02-26 09:43:08.667,Day3_ATT-NH-IN-L1,36.19628000,-94.18376300,QualiPoc_083101,AT&T,LTE,LTE,LTE/LTE CA,8.8.8.8,ICMP,148.1,143,148.5,32,10,Ping,Completed
2025-02-26 09:43:08.667,Day3_ATT-NH-IN-L1,36.19628000,-94.18376300,QualiPoc_083101,AT&T,LTE,LTE CA,LTE/LTE CA,8.8.8.8,ICMP,148.1,143,148.5,32,10,Ping,Completed
2025-02-26 09:43:49.926,Day3_ATT-NH-IN-L1,36.19627800,-94.18376600,QualiPoc_083101,AT&T,LTE,LTE CA,LTE CA,8.8.8.8,ICMP,154.1,151.8,154.5,32,10,Ping,Completed
2025-02-26 09:44:31.162,Day3_ATT-NH-IN-L1,36.19627800,-94.18376800,QualiPoc_083101,AT&T,LTE,LTE CA,LTE CA,8.8.8.8,ICMP,148,143.9,148.5,32,10,Ping,Completed
2025-02-26 09:50:10.510,Day3_ATT-MNO-DEF-IN-L1,36.19626600,-94.18379800,QualiPoc_083101,AT&T,LTE,LTE,LTE,8.8.8.8,ICMP,54.9,47.8,53,32,10,Ping,Completed
2025-02-26 09:50:51.136,Day3_ATT-MNO-DEF-IN-L1,36.19626500,-94.18380100,QualiPoc_083101,AT&T,LTE,LTE,LTE,8.8.8.8,ICMP,52.07,47.9,52,32,10,Ping,Completed
2025-02-26 09:51:31.727,Day3_ATT-MNO-DEF-IN-L1,36.19626400,-94.18380300,QualiPoc_083101,AT&T,LTE,LTE,LTE,8.8.8.8,ICMP,51.98,47.8,51,32,10,Ping,Completed
2025-02-26 09:52:12.058,Day3_ATT-MNO-DEF-IN-L1,36.19626300,-94.18380600,QualiPoc_083101,AT&T,LTE,LTE,LTE,8.8.8.8,ICMP,51.57,47.9,50.5,32,10,Ping,Completed
2025-02-26 09:52:52.698,Day3_ATT-MNO-DEF-IN-L1,36.19626300,-94.18380600,QualiPoc_083101,AT&T,LTE,LTE,LTE,8.8.8.8,ICMP,53.97,49,53.5,32,10,Ping,Completed
2025-02-26 09:53:33.221,Day3_ATT-MNO-DEF-IN-L1,36.19626300,-94.18380600,QualiPoc_083101,AT&T,LTE,LTE,LTE,8.8.8.8,ICMP,51.62,46,51,32,10,Ping,Completed
2025-02-26 09:54:13.677,Day3_ATT-MNO-DEF-IN-L1,36.19626300,-94.18380600,QualiPoc_083101,AT&T,LTE,LTE,LTE,8.8.8.8,ICMP,52.53,47.8,51.5,32,10,Ping,Completed
2025-02-26 09:54:54.281,Day3_ATT-MNO-DEF-IN-L1,36.19626300,-94.18380600,QualiPoc_083101,AT&T,LTE,LTE,LTE,8.8.8.8,ICMP,52.14,47.9,51,32,10,Ping,Completed
2025-02-26 09:55:34.721,Day3_ATT-MNO-DEF-IN-L1,36.19626300,-94.18380600,QualiPoc_083101,AT&T,LTE,LTE,LTE,8.8.8.8,ICMP,64.1,64,64,32,10,Ping,System Release
2025-02-26 10:01:47.844,Day3_ATT-MNO-DEF-IN-L2,36.19587800,-94.18351200,QualiPoc_083101,AT&T,LTE,LTE,LTE,8.8.8.8,ICMP,46.51,40,46,32,10,Ping,Completed
2025-02-26 10:02:28.230,Day3_ATT-MNO-DEF-IN-L2,36.19587200,-94.18350900,QualiPoc_083101,AT&T,LTE,LTE,LTE,8.8.8.8,ICMP,48.99,43.7,49.5,32,10,Ping,Completed
2025-02-26 10:03:08.720,Day3_ATT-MNO-DEF-IN-L2,36.19586900,-94.18350400,QualiPoc_083101,AT&T,LTE,LTE,LTE,8.8.8.8,ICMP,47.59,42.7,47,32,10,Ping,Completed
2025-02-26 10:03:49.152,Day3_ATT-MNO-DEF-IN-L2,36.19586700,-94.18350200,QualiPoc_083101,AT&T,LTE,LTE,LTE,8.8.8.8,ICMP,50.29,46.7,50,32,10,Ping,Completed
2025-02-26 10:04:29.803,Day3_ATT-MNO-DEF-IN-L2,36.19586500,-94.18349900,QualiPoc_083101,AT&T,LTE,LTE,LTE,8.8.8.8,ICMP,54.97,44.7,53,32,10,Ping,Completed
2025-02-26 10:05:10.459,Day3_ATT-MNO-DEF-IN-L2,36.19586500,-94.18349900,QualiPoc_083101,AT&T,LTE,LTE,LTE,8.8.8.8,ICMP,54.44,44.9,56,32,10,Ping,Completed
2025-02-26 10:05:50.998,Day3_ATT-MNO-DEF-IN-L2,36.19586500,-94.18349900,QualiPoc_083101,AT&T,LTE,LTE,LTE,8.8.8.8,ICMP,51.5,44.7,50.5,32,10,Ping,Completed
2025-02-26 10:06:31.357,Day3_ATT-MNO-DEF-IN-L2,36.19586500,-94.18349900,QualiPoc_083101,AT&T,LTE,LTE,LTE,8.8.8.8,ICMP,49.41,39.8,47.5,32,10,Ping,Completed
2025-02-26 10:16:32.786,Day3_ATT-NH-IN-L2,36.19586800,-94.18348600,QualiPoc_083101,AT&T,LTE,LTE,LTE,8.8.8.8,ICMP,254,150.9,155.5,32,10,Ping,Completed
2025-02-26 10:17:14.174,Day3_ATT-NH-IN-L2,36.19586600,-94.18348400,QualiPoc_083101,AT&T,LTE,LTE,LTE,8.8.8.8,ICMP,139.4,132.7,138,32,10,Ping,Completed
2025-02-26 10:17:55.599,Day3_ATT-NH-IN-L2,36.19586400,-94.18348300,QualiPoc_083101,AT&T,LTE,LTE,LTE/LTE CA,8.8.8.8,ICMP,374.1,152,155.5,32,10,Ping,Completed
2025-02-26 10:17:55.599,Day3_ATT-NH-IN-L2,36.19586400,-94.18348300,QualiPoc_083101,AT&T,LTE,LTE CA,LTE/LTE CA,8.8.8.8,ICMP,374.1,152,155.5,32,10,Ping,Completed
2025-02-26 10:18:36.716,Day3_ATT-NH-IN-L2,36.19586100,-94.18348100,QualiPoc_083101,AT&T,LTE,LTE CA,LTE CA,8.8.8.8,ICMP,145.2,141,145,32,10,Ping,Completed
2025-02-26 10:19:18.039,Day3_ATT-NH-IN-L2,36.19586000,-94.18348000,QualiPoc_083101,AT&T,LTE,LTE CA,LTE CA,8.8.8.8,ICMP,138.8,133.8,137,32,10,Ping,Completed
2025-02-26 10:19:59.499,Day3_ATT-NH-IN-L2,36.19586000,-94.18348000,QualiPoc_083101,AT&T,LTE,LTE,LTE,8.8.8.8,ICMP,144.6,137.5,145,32,10,Ping,Completed
2025-02-26 10:20:40.884,Day3_ATT-NH-IN-L2,36.19588400,-94.18358100,QualiPoc_083101,AT&T,LTE,LTE CA,LTE CA,8.8.8.8,ICMP,145.4,144.9,145,32,10,Ping,Completed
2025-02-26 10:21:22.145,Day3_ATT-NH-IN-L2,36.19588100,-94.18356200,QualiPoc_083101,AT&T,LTE,LTE CA,LTE CA,8.8.8.8,ICMP,140.7,136.9,139.5,32,10,Ping,Completed
2025-02-26 10:22:03.590,Day3_ATT-NH-IN-L2,36.19587700,-94.18354700,QualiPoc_083101,AT&T,LTE,LTE CA,LTE CA,8.8.8.8,ICMP,146.2,141.9,146.5,32,10,Ping,Completed
2025-02-26 10:22:44.683,Day3_ATT-NH-IN-L2,36.19587100,-94.18353500,QualiPoc_083101,AT&T,LTE,LTE,LTE/LTE CA,8.8.8.8,ICMP,234.444,146,154,32,10,Ping,Failed
2025-02-26 10:22:44.683,Day3_ATT-NH-IN-L2,36.19587100,-94.18353500,QualiPoc_083101,AT&T,LTE,LTE CA,LTE/LTE CA,8.8.8.8,ICMP,234.444,146,154,32,10,Ping,Failed
2025-02-26 10:23:27.925,Day3_ATT-NH-IN-L2,36.19586500,-94.18352500,QualiPoc_083101,AT&T,LTE,LTE,LTE,8.8.8.8,ICMP,187,133,147,32,10,Ping,Completed
2025-02-26 10:23:59.646,Day3_ATT-NH-IN-L2,36.19586100,-94.18351800,QualiPoc_083101,AT&T,LTE,LTE,LTE,8.8.8.8,ICMP,153.9,148.8,154,32,10,Ping,Completed
2025-02-26 10:51:28.397,Day3_TMO-DEF-IN-L2,36.19585600,-94.18346700,QualiPoc_083101,T-Mobile,5G NR,5G NR,5G NR,8.8.8.8,ICMP,62.03,51.4,63,32,10,Ping,Completed
2025-02-26 10:52:08.852,Day3_TMO-DEF-IN-L2,36.19596800,-94.18351600,QualiPoc_083101,T-Mobile,5G NR,5G NR,5G NR,8.8.8.8,ICMP,56.39,50.8,54.5,32,10,Ping,Completed
2025-02-26 10:52:49.558,Day3_TMO-DEF-IN-L2,36.19594800,-94.18350800,QualiPoc_083101,T-Mobile,5G NR,5G NR,5G NR,8.8.8.8,ICMP,61.48,55.4,61.5,32,10,Ping,Completed
2025-02-26 10:53:30.024,Day3_TMO-DEF-IN-L2,36.19593300,-94.18350000,QualiPoc_083101,T-Mobile,5G NR,5G NR,5G NR,8.8.8.8,ICMP,65.44,56.8,65,32,10,Ping,Completed
2025-02-26 10:54:10.447,Day3_TMO-DEF-IN-L2,36.19592500,-94.18349500,QualiPoc_083101,T-Mobile,5G NR,5G NR,5G NR,8.8.8.8,ICMP,58.4,49.8,58.5,32,10,Ping,Completed
2025-02-26 10:54:50.791,Day3_TMO-DEF-IN-L2,36.19591900,-94.18348900,QualiPoc_083101,T-Mobile,5G NR,5G NR,5G NR,8.8.8.8,ICMP,60.75,55.6,60,32,10,Ping,Completed
2025-02-26 11:03:14.198,Day3_unnamed,36.19588200,-94.18344200,QualiPoc_083101,T-Mobile,LTE,LTE,LTE,8.8.8.8,ICMP,143.3,129.6,139,32,10,Ping,Completed
2025-02-26 11:03:55.290,Day3_unnamed,36.19588000,-94.18344300,QualiPoc_083101,T-Mobile,LTE,LTE,LTE,8.8.8.8,ICMP,155.2,130.7,147.5,32,10,Ping,Completed
2025-02-26 11:05:18.700,Day3_TMO-NH-L2,36.19587600,-94.18344300,QualiPoc_083101,T-Mobile,LTE,LTE,LTE,8.8.8.8,ICMP,148.9,139.6,147.5,32,10,Ping,Completed
2025-02-26 11:05:50.343,Day3_TMO-NH-L2,36.19587500,-94.18344300,QualiPoc_083101,T-Mobile,LTE,LTE,LTE,8.8.8.8,ICMP,144.3,129.8,145,32,10,Ping,Completed
2025-02-26 11:06:31.320,Day3_TMO-NH-L2,36.19587300,-94.18344200,QualiPoc_083101,T-Mobile,LTE,LTE,LTE,8.8.8.8,ICMP,145.8,135,142.5,32,10,Ping,Completed
2025-02-26 11:07:12.608,Day3_TMO-NH-L2,36.19587200,-94.18344200,QualiPoc_083101,T-Mobile,LTE,LTE,LTE,8.8.8.8,ICMP,143.4,133.8,146,32,10,Ping,Completed
2025-02-26 11:07:53.929,Day3_TMO-NH-L2,36.19587100,-94.18344100,QualiPoc_083101,T-Mobile,LTE,LTE,LTE/LTE CA,8.8.8.8,ICMP,143.7,134.8,142.5,32,10,Ping,Completed
2025-02-26 11:07:53.929,Day3_TMO-NH-L2,36.19587100,-94.18344100,QualiPoc_083101,T-Mobile,LTE,LTE CA,LTE/LTE CA,8.8.8.8,ICMP,143.7,134.8,142.5,32,10,Ping,Completed
2025-02-26 11:08:35.088,Day3_TMO-NH-L2,36.19587000,-94.18344100,QualiPoc_083101,T-Mobile,LTE,LTE,LTE,8.8.8.8,ICMP,145,139.4,145,32,10,Ping,System Release
2025-02-26 11:47:55.575,Day3_TMO-NH-L1,36.19625000,-94.18391100,QualiPoc_083101,T-Mobile,LTE,LTE,LTE,8.8.8.8,ICMP,151,143.8,149.5,32,10,Ping,Completed
2025-02-26 11:48:36.749,Day3_TMO-NH-L1,36.19624900,-94.18391000,QualiPoc_083101,T-Mobile,LTE,LTE,LTE,8.8.8.8,ICMP,148,137.9,146,32,10,Ping,Completed
2025-02-26 11:49:17.941,Day3_TMO-NH-L1,36.19624800,-94.18390900,QualiPoc_083101,T-Mobile,LTE,LTE,LTE,8.8.8.8,ICMP,151.4,137.8,152.5,32,10,Ping,Completed
2025-02-26 11:49:59.171,Day3_TMO-NH-L1,36.19624800,-94.18391000,QualiPoc_083101,T-Mobile,LTE,LTE,LTE,8.8.8.8,ICMP,154.2,147.4,151.5,32,10,Ping,Completed
2025-02-26 11:50:40.413,Day3_TMO-NH-L1,36.19624600,-94.18391000,QualiPoc_083101,T-Mobile,LTE,LTE,LTE,8.8.8.8,ICMP,156.4,141.1,159,32,10,Ping,Completed
2025-02-26 11:51:21.666,Day3_TMO-NH-L1,36.19624600,-94.18390900,QualiPoc_083101,T-Mobile,LTE,LTE,LTE,8.8.8.8,ICMP,157.4,145.4,148,32,10,Ping,Completed
2025-02-26 11:52:02.898,Day3_TMO-NH-L1,36.19624500,-94.18390900,QualiPoc_083101,T-Mobile,LTE,LTE,LTE/LTE CA,8.8.8.8,ICMP,154.1,143.3,153,32,10,Ping,Completed
2025-02-26 11:52:02.898,Day3_TMO-NH-L1,36.19624500,-94.18390900,QualiPoc_083101,T-Mobile,LTE,LTE CA,LTE/LTE CA,8.8.8.8,ICMP,154.1,143.3,153,32,10,Ping,Completed
2025-02-26 11:52:43.826,Day3_TMO-NH-L1,36.19624400,-94.18390800,QualiPoc_083101,T-Mobile,LTE,LTE,LTE,8.8.8.8,ICMP,142.5,134,141,32,10,Ping,Completed
2025-02-26 11:53:25.108,Day3_TMO-NH-L1,36.19624400,-94.18390700,QualiPoc_083101,T-Mobile,LTE,LTE,LTE,8.8.8.8,ICMP,146.7,132,141,32,10,Ping,Completed
2025-02-26 11:54:06.357,Day3_TMO-NH-L1,36.19624300,-94.18390600,QualiPoc_083101,T-Mobile,LTE,LTE,LTE,8.8.8.8,ICMP,150.6,144.8,150.5,32,10,Ping,Completed
2025-02-26 11:54:48.001,Day3_TMO-NH-L1,36.19624200,-94.18390600,QualiPoc_083101,T-Mobile,LTE,LTE,LTE,8.8.8.8,ICMP,152.1,144.1,150.5,32,10,Ping,Completed
2025-02-26 11:55:29.272,Day3_TMO-NH-L1,36.19624200,-94.18390600,QualiPoc_083101,T-Mobile,LTE,LTE,LTE,8.8.8.8,ICMP,146.1,139.6,147.5,32,10,Ping,Completed
2025-02-26 12:04:14.876,Day3_TMO-DEF-L1-V1,36.19623300,-94.18390400,QualiPoc_083101,T-Mobile,5G NR,5G NR,5G NR,8.8.8.8,ICMP,63.71,54.8,60,32,10,Ping,Completed
2025-02-26 12:04:55.956,Day3_TMO-DEF-L1-V1,36.19623300,-94.18390400,QualiPoc_083101,T-Mobile,5G NR,5G NR,5G NR,8.8.8.8,ICMP,81.833,54.4,60,32,10,Ping,Failed
2025-02-26 12:05:37.694,Day3_TMO-DEF-L1-V1,36.19623300,-94.18390300,QualiPoc_083101,T-Mobile,LTE,LTE,LTE,8.8.8.8,ICMP,76.24,55.6,84,32,10,Ping,Completed
2025-02-26 12:06:09.465,Day3_TMO-DEF-L1-V1,36.19623300,-94.18390300,QualiPoc_083101,T-Mobile,LTE,LTE,LTE,8.8.8.8,ICMP,77.87,62.1,83.5,32,10,Ping,Completed
2025-02-26 12:06:50.198,Day3_TMO-DEF-L1-V1,36.19623300,-94.18390300,QualiPoc_083101,T-Mobile,5G NR,5G NR,5G NR,8.8.8.8,ICMP,69.88,62.9,67.5,32,10,Ping,Completed
2025-02-26 12:07:30.626,Day3_TMO-DEF-L1-V1,36.19623300,-94.18390300,QualiPoc_083101,T-Mobile,5G NR,5G NR,5G NR,8.8.8.8,ICMP,79.87,55.8,67,32,10,Ping,Completed
2025-02-26 12:08:11.272,Day3_TMO-DEF-L1-V1,36.19623300,-94.18390300,QualiPoc_083101,T-Mobile,5G NR,5G NR,5G NR,8.8.8.8,ICMP,68.18,58.5,69.5,32,10,Ping,Completed
2025-02-26 12:08:52.440,Day3_TMO-DEF-L1-V1,36.19623300,-94.18390300,QualiPoc_083101,T-Mobile,5G NR,5G NR,5G NR,8.8.8.8,ICMP,164,164,164,32,10,Ping,System Release
2025-02-26 12:10:10.405,Day3_TMO-DEF-L2,36.19623300,-94.18390400,QualiPoc_083101,T-Mobile,5G NR,5G NR,5G NR,8.8.8.8,ICMP,62.92,48.9,65,32,10,Ping,Completed
2025-02-26 12:10:51.049,Day3_TMO-DEF-L2,36.19623300,-94.18390500,QualiPoc_083101,T-Mobile,5G NR,5G NR,5G NR,8.8.8.8,ICMP,71.28,56.2,67.5,32,10,Ping,Completed
2025-02-26 12:11:31.674,Day3_TMO-DEF-L2,36.19623400,-94.18390500,QualiPoc_083101,T-Mobile,5G NR,5G NR,5G NR,8.8.8.8,ICMP,66.04,50.1,68,32,10,Ping,Completed
2025-02-26 12:12:12.363,Day3_TMO-DEF-L2,36.19623400,-94.18390500,QualiPoc_083101,T-Mobile,5G NR,5G NR,5G NR,8.8.8.8,ICMP,68.31,56.9,67,32,10,Ping,Completed
2025-02-26 12:12:52.997,Day3_TMO-DEF-L2,36.19623500,-94.18390500,QualiPoc_083101,T-Mobile,5G NR,5G NR,5G NR,8.8.8.8,ICMP,69.12,56.9,71.5,32,10,Ping,Completed
